id,collected_at,target_at,forecast_timestamp,forecast_time_str,temp_c,real_feel,real_feel_shade,wind_speed,air_quality,max_uv,precip_probability,extra_details
1,2026-07-08T18:09:45.473923+09:00,2026-07-08T19:00:00+09:00,1783504800,2026-07-08T10:00:00+00:00,27,32,32,남서 11km/h,나쁨,N/A,20%,"{""max_uv"": ""0.1 (낮음)"", ""humidity"": ""83%"", ""dew_point"": ""24° C"", ""real_feel"": 32, ""visibility"": ""11km"", ""wind_gusts"": ""28km/h"", ""cloud_cover"": ""70%"", ""cloud_ceiling"": ""500m"", ""precip_probability"": ""20%"", ""acculumen_brightness"": ""1 (어둡게)""}"
78,2026-07-08T19:04:37.918117+09:00,2026-07-08T20:00:00+09:00,1783508400,2026-07-08T11:00:00+00:00,26,31,,남남서 9km/h,보통,N/A,20%,"{""humidity"": ""87%"", ""dew_point"": ""24° C"", ""real_feel"": 31, ""visibility"": ""10km"", ""cloud_cover"": ""82%"", ""cloud_ceiling"": ""500m"", ""precip_probability"": ""20%"", ""acculumen_brightness"": ""0 (어둡게)""}"
154,2026-07-08T20:05:46.327920+09:00,2026-07-08T21:00:00+09:00,1783512000,2026-07-08T12:00:00+00:00,25,30,,남남동 7km/h,보통,N/A,20%,"{""dew_point"": ""24° C"", ""real_feel"": 30, ""visibility"": ""10km"", ""cloud_cover"": ""98%"", ""cloud_ceiling"": ""500m"", ""precip_probability"": ""20%"", ""acculumen_brightness"": ""0 (어둡게)""}"
229,2026-07-08T21:04:04.611752+09:00,2026-07-08T22:00:00+09:00,1783515600,2026-07-08T13:00:00+00:00,24,28,,남남동 7km/h,보통,N/A,20%,"{""dew_point"": ""23° C"", ""real_feel"": 28, ""visibility"": ""10km"", ""cloud_cover"": ""99%"", ""cloud_ceiling"": ""500m"", ""precip_probability"": ""20%"", ""acculumen_brightness"": ""0 (어둡게)""}"
303,2026-07-08T22:05:11.635517+09:00,2026-07-08T23:00:00+09:00,1783519200,2026-07-08T14:00:00+00:00,24,28,,남남동 7km/h,보통,N/A,20%,"{""dew_point"": ""24° C"", ""real_feel"": 28, ""visibility"": ""8km"", ""cloud_cover"": ""99%"", ""cloud_ceiling"": ""500m"", ""precip_probability"": ""20%"", ""acculumen_brightness"": ""0 (어둡게)""}"
376,2026-07-08T23:06:49.383356+09:00,2026-07-09T00:00:00+09:00,1783522800,2026-07-08T15:00:00+00:00,24,29,,남남동 7km/h,보통,N/A,25%,"{""dew_point"": ""24° C"", ""real_feel"": 29, ""visibility"": ""8km"", ""cloud_cover"": ""100%"", ""cloud_ceiling"": ""500m"", ""precip_probability"": ""25%"", ""acculumen_brightness"": ""0 (어둡게)""}"
472,2026-07-09T00:02:41.693619+09:00,2026-07-09T01:00:00+09:00,1783526400,2026-07-08T16:00:00+00:00,24,29,,남 7km/h,보통,N/A,49%,"{""dew_point"": ""24° C"", ""real_feel"": 29, ""visibility"": ""8km"", ""cloud_cover"": ""100%"", ""cloud_ceiling"": ""500m"", ""precip_probability"": ""49%"", ""acculumen_brightness"": ""0 (어둡게)""}"
567,2026-07-09T01:02:34.816414+09:00,2026-07-09T02:00:00+09:00,1783530000,2026-07-08T17:00:00+00:00,24,28,,남 7km/h,보통,N/A,49%,"{""비"": ""0.1mm"", ""dew_point"": ""24° C"", ""real_feel"": 28, ""visibility"": ""6km"", ""cloud_cover"": ""100%"", ""cloud_ceiling"": ""500m"", ""precip_probability"": ""49%"", ""acculumen_brightness"": ""0 (어둡게)""}"
661,2026-07-09T02:04:52.115864+09:00,2026-07-09T03:00:00+09:00,1783533600,2026-07-08T18:00:00+00:00,24,28,,남 7km/h,보통,N/A,57%,"{""비"": ""0.2mm"", ""dew_point"": ""24° C"", ""real_feel"": 28, ""visibility"": ""6km"", ""cloud_cover"": ""100%"", ""cloud_ceiling"": ""500m"", ""precip_probability"": ""57%"", ""acculumen_brightness"": ""0 (어둡게)""}"
754,2026-07-09T03:02:16.592495+09:00,2026-07-09T04:00:00+09:00,1783537200,2026-07-08T19:00:00+00:00,24,29,,남 7km/h,보통,N/A,33%,"{""dew_point"": ""24° C"", ""real_feel"": 29, ""visibility"": ""8km"", ""cloud_cover"": ""100%"", ""cloud_ceiling"": ""500m"", ""precip_probability"": ""33%"", ""acculumen_brightness"": ""0 (어둡게)""}"
846,2026-07-09T04:04:40.872513+09:00,2026-07-09T05:00:00+09:00,1783540800,2026-07-08T20:00:00+00:00,24,28,,남 7km/h,보통,N/A,54%,"{""비"": ""0.1mm"", ""dew_point"": ""24° C"", ""real_feel"": 28, ""visibility"": ""8km"", ""cloud_cover"": ""100%"", ""cloud_ceiling"": ""500m"", ""precip_probability"": ""54%"", ""acculumen_brightness"": ""0 (어둡게)""}"
937,2026-07-09T05:03:38.442875+09:00,2026-07-09T06:00:00+09:00,1783544400,2026-07-08T21:00:00+00:00,24,28,28,남 7km/h,보통,0,56%,"{""비"": ""0.1mm"", ""humidity"": ""100%"", ""dew_point"": ""24° C"", ""real_feel"": 28, ""visibility"": ""8km"", ""wind_gusts"": ""19km/h"", ""cloud_cover"": ""100%"", ""cloud_ceiling"": ""500m"", ""precip_probability"": ""56%"", ""acculumen_brightness"": ""1 (어둡게)""}"
1027,2026-07-09T06:06:36.273901+09:00,2026-07-09T07:00:00+09:00,1783548000,2026-07-08T22:00:00+00:00,24,29,29,남남동 7km/h,보통,0,60%,"{""비"": ""0.1mm"", ""humidity"": ""99%"", ""dew_point"": ""24° C"", ""real_feel"": 29, ""visibility"": ""8km"", ""wind_gusts"": ""20km/h"", ""cloud_cover"": ""100%"", ""cloud_ceiling"": ""500m"", ""precip_probability"": ""60%"", ""acculumen_brightness"": ""1 (어둡게)""}"
1116,2026-07-09T07:06:40.090897+09:00,2026-07-09T08:00:00+09:00,1783551600,2026-07-08T23:00:00+00:00,24,30,30,남동 9km/h,보통,0,49%,"{""humidity"": ""98%"", ""dew_point"": ""24° C"", ""real_feel"": 30, ""visibility"": ""8km"", ""wind_gusts"": ""22km/h"", ""cloud_cover"": ""100%"", ""cloud_ceiling"": ""500m"", ""precip_probability"": ""49%"", ""acculumen_brightness"": ""1 (어둡게)""}"
1204,2026-07-09T08:05:54.699009+09:00,2026-07-09T09:00:00+09:00,1783555200,2026-07-09T00:00:00+00:00,24,30,28,남동 9km/h,보통,1,49%,"{""humidity"": ""97%"", ""dew_point"": ""24° C"", ""real_feel"": 30, ""visibility"": ""8km"", ""wind_gusts"": ""24km/h"", ""cloud_cover"": ""100%"", ""cloud_ceiling"": ""500m"", ""precip_probability"": ""49%"", ""acculumen_brightness"": ""1 (어둡게)""}"
1291,2026-07-09T09:05:42.218512+09:00,2026-07-09T10:00:00+09:00,1783558800,2026-07-09T01:00:00+00:00,25,29,28,남남동 11km/h,보통,1,52%,"{""비"": ""0.1mm"", ""humidity"": ""96%"", ""dew_point"": ""24° C"", ""real_feel"": 29, ""visibility"": ""5km"", ""wind_gusts"": ""26km/h"", ""cloud_cover"": ""100%"", ""cloud_ceiling"": ""500m"", ""precip_probability"": ""52%"", ""acculumen_brightness"": ""1 (어둡게)""}"
1377,2026-07-09T10:05:53.367740+09:00,2026-07-09T11:00:00+09:00,1783562400,2026-07-09T02:00:00+00:00,25,27,26,남 11km/h,보통,1,66%,"{""비"": ""8.6mm"", ""humidity"": ""93%"", ""dew_point"": ""24° C"", ""real_feel"": 27, ""visibility"": ""3km"", ""wind_gusts"": ""30km/h"", ""cloud_cover"": ""100%"", ""cloud_ceiling"": ""500m"", ""precip_probability"": ""66%"", ""acculumen_brightness"": ""1 (어둡게)""}"
1462,2026-07-09T11:03:23.862885+09:00,2026-07-09T12:00:00+09:00,1783566000,2026-07-09T03:00:00+00:00,25,30,28,남 13km/h,보통,2,49%,"{""humidity"": ""91%"", ""dew_point"": ""23° C"", ""real_feel"": 30, ""visibility"": ""8km"", ""wind_gusts"": ""33km/h"", ""cloud_cover"": ""100%"", ""cloud_ceiling"": ""500m"", ""precip_probability"": ""49%"", ""acculumen_brightness"": ""1 (어둡게)""}"
1546,2026-07-09T12:07:12.182787+09:00,2026-07-09T13:00:00+09:00,1783569600,2026-07-09T04:00:00+00:00,25,28,27,남남서 13km/h,나쁨,1,52%,"{""비"": ""2.2mm"", ""humidity"": ""91%"", ""dew_point"": ""23° C"", ""real_feel"": 28, ""visibility"": ""5km"", ""wind_gusts"": ""35km/h"", ""cloud_cover"": ""99%"", ""cloud_ceiling"": ""500m"", ""precip_probability"": ""52%"", ""acculumen_brightness"": ""1 (어둡게)""}"
1629,2026-07-09T13:04:56.306991+09:00,2026-07-09T14:00:00+09:00,1783573200,2026-07-09T05:00:00+00:00,26,28,27,남남서 15km/h,나쁨,N/A,55%,"{""비"": ""3.2mm"", ""max_uv"": ""1.4 (낮음)"", ""humidity"": ""89%"", ""dew_point"": ""24° C"", ""real_feel"": 28, ""visibility"": ""6km"", ""wind_gusts"": ""37km/h"", ""cloud_cover"": ""99%"", ""cloud_ceiling"": ""500m"", ""precip_probability"": ""55%"", ""acculumen_brightness"": ""1 (어둡게)""}"
1711,2026-07-09T14:07:49.854561+09:00,2026-07-09T15:00:00+09:00,1783576800,2026-07-09T06:00:00+00:00,27,31,30,남남서 15km/h,나쁨,N/A,70%,"{""max_uv"": ""1.0 (낮음)"", ""humidity"": ""84%"", ""dew_point"": ""24° C"", ""real_feel"": 31, ""visibility"": ""8km"", ""wind_gusts"": ""37km/h"", ""cloud_cover"": ""99%"", ""cloud_ceiling"": ""500m"", ""precip_probability"": ""70%"", ""acculumen_brightness"": ""1 (어둡게)""}"
1792,2026-07-09T15:06:44.214847+09:00,2026-07-09T16:00:00+09:00,1783580400,2026-07-09T07:00:00+00:00,25,29,29,남 13km/h,나쁨,0,57%,"{""humidity"": ""93%"", ""dew_point"": ""24° C"", ""real_feel"": 29, ""visibility"": ""8km"", ""wind_gusts"": ""33km/h"", ""cloud_cover"": ""97%"", ""cloud_ceiling"": ""500m"", ""precip_probability"": ""57%"", ""acculumen_brightness"": ""1 (어둡게)""}"
1872,2026-07-09T16:08:03.565754+09:00,2026-07-09T17:00:00+09:00,1783584000,2026-07-09T08:00:00+00:00,25,29,29,남 11km/h,나쁨,0,47%,"{""humidity"": ""92%"", ""dew_point"": ""24° C"", ""real_feel"": 29, ""visibility"": ""8km"", ""wind_gusts"": ""28km/h"", ""cloud_cover"": ""95%"", ""cloud_ceiling"": ""500m"", ""precip_probability"": ""47%"", ""acculumen_brightness"": ""1 (어둡게)""}"
1951,2026-07-09T17:05:43.188756+09:00,2026-07-09T18:00:00+09:00,1783587600,2026-07-09T09:00:00+00:00,25,29,29,남남서 11km/h,나쁨,0,39%,"{""humidity"": ""92%"", ""dew_point"": ""24° C"", ""real_feel"": 29, ""visibility"": ""8km"", ""wind_gusts"": ""30km/h"", ""cloud_cover"": ""92%"", ""cloud_ceiling"": ""500m"", ""precip_probability"": ""39%"", ""acculumen_brightness"": ""2 (어둡게)""}"
2029,2026-07-09T18:07:09.538595+09:00,2026-07-09T19:00:00+09:00,1783591200,2026-07-09T10:00:00+00:00,26,29,29,남 11km/h,보통,N/A,40%,"{""비"": ""0.2mm"", ""max_uv"": ""0.0 (낮음)"", ""humidity"": ""85%"", ""dew_point"": ""23° C"", ""real_feel"": 29, ""visibility"": ""8km"", ""wind_gusts"": ""26km/h"", ""cloud_cover"": ""99%"", ""cloud_ceiling"": ""500m"", ""precip_probability"": ""40%"", ""acculumen_brightness"": ""0 (어둡게)""}"
2106,2026-07-09T19:07:15.595842+09:00,2026-07-09T20:00:00+09:00,1783594800,2026-07-09T11:00:00+00:00,26,28,,남 9km/h,보통,N/A,54%,"{""비"": ""1.3mm"", ""humidity"": ""85%"", ""dew_point"": ""23° C"", ""real_feel"": 28, ""visibility"": ""8km"", ""cloud_cover"": ""100%"", ""cloud_ceiling"": ""500m"", ""precip_probability"": ""54%"", ""acculumen_brightness"": ""0 (어둡게)""}"
2182,2026-07-09T20:07:06.369092+09:00,2026-07-09T21:00:00+09:00,1783598400,2026-07-09T12:00:00+00:00,26,29,,남남동 9km/h,보통,N/A,48%,"{""비"": ""0.1mm"", ""dew_point"": ""23° C"", ""real_feel"": 29, ""visibility"": ""8km"", ""cloud_cover"": ""100%"", ""cloud_ceiling"": ""500m"", ""precip_probability"": ""48%"", ""acculumen_brightness"": ""0 (어둡게)""}"
2257,2026-07-09T21:06:02.554299+09:00,2026-07-09T22:00:00+09:00,1783602000,2026-07-09T13:00:00+00:00,25,28,,남남동 7km/h,보통,N/A,51%,"{""dew_point"": ""23° C"", ""real_feel"": 28, ""visibility"": ""8km"", ""cloud_cover"": ""100%"", ""cloud_ceiling"": ""500m"", ""precip_probability"": ""51%"", ""acculumen_brightness"": ""0 (어둡게)""}"
2331,2026-07-09T22:05:49.678326+09:00,2026-07-09T23:00:00+09:00,1783605600,2026-07-09T14:00:00+00:00,24,28,,남남동 7km/h,보통,N/A,44%,"{""dew_point"": ""23° C"", ""real_feel"": 28, ""visibility"": ""8km"", ""cloud_cover"": ""100%"", ""cloud_ceiling"": ""500m"", ""precip_probability"": ""44%"", ""acculumen_brightness"": ""0 (어둡게)""}"
2404,2026-07-09T23:02:49.077698+09:00,2026-07-10T00:00:00+09:00,1783609200,2026-07-09T15:00:00+00:00,25,29,,남남동 7km/h,보통,N/A,49%,"{""dew_point"": ""23° C"", ""real_feel"": 29, ""visibility"": ""8km"", ""cloud_cover"": ""100%"", ""cloud_ceiling"": ""500m"", ""precip_probability"": ""49%"", ""acculumen_brightness"": ""0 (어둡게)""}"
2500,2026-07-10T00:06:34.376381+09:00,2026-07-10T01:00:00+09:00,1783612800,2026-07-09T16:00:00+00:00,24,28,,남동 7km/h,보통,N/A,53%,"{""비"": ""0.1mm"", ""dew_point"": ""23° C"", ""real_feel"": 28, ""visibility"": ""8km"", ""cloud_cover"": ""100%"", ""cloud_ceiling"": ""500m"", ""precip_probability"": ""53%"", ""acculumen_brightness"": ""0 (어둡게)""}"
2595,2026-07-10T01:04:22.661521+09:00,2026-07-10T02:00:00+09:00,1783616400,2026-07-09T17:00:00+00:00,24,26,,남동 7km/h,나쁨,N/A,70%,"{""비"": ""0.8mm"", ""dew_point"": ""23° C"", ""real_feel"": 26, ""visibility"": ""8km"", ""cloud_cover"": ""100%"", ""cloud_ceiling"": ""500m"", ""precip_probability"": ""70%"", ""acculumen_brightness"": ""0 (어둡게)""}"
2689,2026-07-10T02:04:25.569965+09:00,2026-07-10T03:00:00+09:00,1783620000,2026-07-09T18:00:00+00:00,24,27,,동남동 7km/h,보통,N/A,69%,"{""dew_point"": ""23° C"", ""real_feel"": 27, ""visibility"": ""8km"", ""cloud_cover"": ""100%"", ""cloud_ceiling"": ""500m"", ""precip_probability"": ""69%"", ""acculumen_brightness"": ""0 (어둡게)""}"
2782,2026-07-10T03:04:10.729627+09:00,2026-07-10T04:00:00+09:00,1783623600,2026-07-09T19:00:00+00:00,23,25,,동남동 7km/h,보통,N/A,65%,"{""비"": ""2.5mm"", ""dew_point"": ""23° C"", ""real_feel"": 25, ""visibility"": ""5km"", ""cloud_cover"": ""100%"", ""cloud_ceiling"": ""500m"", ""precip_probability"": ""65%"", ""acculumen_brightness"": ""0 (어둡게)""}"
2874,2026-07-10T04:07:27.315517+09:00,2026-07-10T05:00:00+09:00,1783627200,2026-07-09T20:00:00+00:00,23,26,,동남동 7km/h,나쁨,N/A,57%,"{""비"": ""0.1mm"", ""dew_point"": ""23° C"", ""real_feel"": 26, ""visibility"": ""5km"", ""cloud_cover"": ""100%"", ""cloud_ceiling"": ""500m"", ""precip_probability"": ""57%"", ""acculumen_brightness"": ""0 (어둡게)""}"
2965,2026-07-10T05:07:46.375449+09:00,2026-07-10T06:00:00+09:00,1783630800,2026-07-09T21:00:00+00:00,23,28,28,남동 7km/h,보통,0,49%,"{""humidity"": ""100%"", ""dew_point"": ""23° C"", ""real_feel"": 28, ""visibility"": ""8km"", ""wind_gusts"": ""19km/h"", ""cloud_cover"": ""100%"", ""cloud_ceiling"": ""500m"", ""precip_probability"": ""49%"", ""acculumen_brightness"": ""1 (어둡게)""}"
3055,2026-07-10T06:05:20.054750+09:00,2026-07-10T07:00:00+09:00,1783634400,2026-07-09T22:00:00+00:00,24,28,28,동남동 7km/h,보통,0,57%,"{""비"": ""0.6mm"", ""humidity"": ""99%"", ""dew_point"": ""24° C"", ""real_feel"": 28, ""visibility"": ""6km"", ""wind_gusts"": ""19km/h"", ""cloud_cover"": ""99%"", ""cloud_ceiling"": ""500m"", ""precip_probability"": ""57%"", ""acculumen_brightness"": ""1 (어둡게)""}"
3144,2026-07-10T07:03:47.224750+09:00,2026-07-10T08:00:00+09:00,1783638000,2026-07-09T23:00:00+00:00,26,31,31,동 7km/h,완벽함,0,54%,"{""비"": ""0.1mm"", ""humidity"": ""93%"", ""dew_point"": ""24° C"", ""real_feel"": 31, ""visibility"": ""3km"", ""wind_gusts"": ""19km/h"", ""cloud_cover"": ""99%"", ""cloud_ceiling"": ""500m"", ""precip_probability"": ""54%"", ""acculumen_brightness"": ""1 (어둡게)""}"
3232,2026-07-10T08:03:27.088839+09:00,2026-07-10T09:00:00+09:00,1783641600,2026-07-10T00:00:00+00:00,27,33,31,동 9km/h,보통,N/A,47%,"{""max_uv"": ""1.1 (낮음)"", ""humidity"": ""90%"", ""dew_point"": ""25° C"", ""real_feel"": 33, ""visibility"": ""8km"", ""wind_gusts"": ""20km/h"", ""cloud_cover"": ""99%"", ""cloud_ceiling"": ""500m"", ""precip_probability"": ""47%"", ""acculumen_brightness"": ""1 (어둡게)""}"
3319,2026-07-10T09:03:10.492387+09:00,2026-07-10T10:00:00+09:00,1783645200,2026-07-10T01:00:00+00:00,27,34,31,동 9km/h,보통,N/A,40%,"{""비"": ""0.1mm"", ""max_uv"": ""1.6 (낮음)"", ""humidity"": ""88%"", ""dew_point"": ""25° C"", ""real_feel"": 34, ""visibility"": ""8km"", ""wind_gusts"": ""24km/h"", ""cloud_cover"": ""99%"", ""cloud_ceiling"": ""500m"", ""precip_probability"": ""40%"", ""acculumen_brightness"": ""1 (어둡게)""}"
3405,2026-07-10T10:04:03.852255+09:00,2026-07-10T11:00:00+09:00,1783648800,2026-07-10T02:00:00+00:00,28,35,32,동남동 11km/h,보통,N/A,37%,"{""max_uv"": ""2.4 (낮음)"", ""humidity"": ""87%"", ""dew_point"": ""25° C"", ""real_feel"": 35, ""visibility"": ""8km"", ""wind_gusts"": ""26km/h"", ""cloud_cover"": ""99%"", ""cloud_ceiling"": ""500m"", ""precip_probability"": ""37%"", ""acculumen_brightness"": ""1 (어둡게)""}"
3490,2026-07-10T11:04:30.011244+09:00,2026-07-10T12:00:00+09:00,1783652400,2026-07-10T03:00:00+00:00,28,36,33,남동 11km/h,보통,N/A,29%,"{""max_uv"": ""2.6 (보통)"", ""humidity"": ""85%"", ""dew_point"": ""25° C"", ""real_feel"": 36, ""visibility"": ""8km"", ""wind_gusts"": ""28km/h"", ""cloud_cover"": ""99%"", ""cloud_ceiling"": ""500m"", ""precip_probability"": ""29%"", ""acculumen_brightness"": ""1 (어둡게)""}"
3574,2026-07-10T12:05:33.928641+09:00,2026-07-10T13:00:00+09:00,1783656000,2026-07-10T04:00:00+00:00,29,36,33,남동 11km/h,보통,N/A,20%,"{""max_uv"": ""3.2 (보통)"", ""humidity"": ""82%"", ""dew_point"": ""25° C"", ""real_feel"": 36, ""visibility"": ""8km"", ""wind_gusts"": ""28km/h"", ""cloud_cover"": ""98%"", ""cloud_ceiling"": ""3100m"", ""precip_probability"": ""20%"", ""acculumen_brightness"": ""1 (어둡게)""}"
3657,2026-07-10T13:03:11.257937+09:00,2026-07-10T14:00:00+09:00,1783659600,2026-07-10T05:00:00+00:00,28,35,33,남남동 11km/h,보통,N/A,20%,"{""max_uv"": ""2.4 (낮음)"", ""humidity"": ""83%"", ""dew_point"": ""25° C"", ""real_feel"": 35, ""visibility"": ""10km"", ""wind_gusts"": ""28km/h"", ""cloud_cover"": ""98%"", ""cloud_ceiling"": ""3100m"", ""precip_probability"": ""20%"", ""acculumen_brightness"": ""1 (어둡게)""}"
3739,2026-07-10T14:06:21.025165+09:00,2026-07-10T15:00:00+09:00,1783663200,2026-07-10T06:00:00+00:00,28,34,32,남 11km/h,보통,N/A,62%,"{""비"": ""0.3mm"", ""max_uv"": ""1.8 (낮음)"", ""humidity"": ""84%"", ""dew_point"": ""25° C"", ""real_feel"": 34, ""visibility"": ""10km"", ""wind_gusts"": ""26km/h"", ""cloud_cover"": ""100%"", ""cloud_ceiling"": ""7600m"", ""precip_probability"": ""62%"", ""acculumen_brightness"": ""1 (어둡게)""}"
3820,2026-07-10T15:07:17.107443+09:00,2026-07-10T16:00:00+09:00,1783666800,2026-07-10T07:00:00+00:00,27,33,31,남 11km/h,보통,N/A,51%,"{""max_uv"": ""1.4 (낮음)"", ""humidity"": ""90%"", ""dew_point"": ""25° C"", ""real_feel"": 33, ""visibility"": ""10km"", ""wind_gusts"": ""26km/h"", ""cloud_cover"": ""99%"", ""cloud_ceiling"": ""9100m"", ""precip_probability"": ""51%"", ""acculumen_brightness"": ""1 (어둡게)""}"
3900,2026-07-10T16:02:09.631466+09:00,2026-07-10T17:00:00+09:00,1783670400,2026-07-10T08:00:00+00:00,26,33,31,남 9km/h,완벽함,N/A,41%,"{""max_uv"": ""1.0 (낮음)"", ""humidity"": ""91%"", ""dew_point"": ""25° C"", ""real_feel"": 33, ""visibility"": ""11km"", ""wind_gusts"": ""26km/h"", ""cloud_cover"": ""97%"", ""cloud_ceiling"": ""9100m"", ""precip_probability"": ""41%"", ""acculumen_brightness"": ""1 (어둡게)""}"
3979,2026-07-10T17:05:02.204461+09:00,2026-07-10T18:00:00+09:00,1783674000,2026-07-10T09:00:00+00:00,26,32,32,남 9km/h,완벽함,N/A,47%,"{""max_uv"": ""0.6 (낮음)"", ""humidity"": ""91%"", ""dew_point"": ""25° C"", ""real_feel"": 32, ""visibility"": ""11km"", ""wind_gusts"": ""24km/h"", ""cloud_cover"": ""97%"", ""cloud_ceiling"": ""9100m"", ""precip_probability"": ""47%"", ""acculumen_brightness"": ""1 (어둡게)""}"
4057,2026-07-10T18:07:44.179394+09:00,2026-07-10T19:00:00+09:00,1783677600,2026-07-10T10:00:00+00:00,27,33,33,남서 7km/h,완벽함,N/A,40%,"{""비"": ""0.1mm"", ""max_uv"": ""0.1 (낮음)"", ""humidity"": ""90%"", ""dew_point"": ""25° C"", ""real_feel"": 33, ""visibility"": ""10km"", ""wind_gusts"": ""19km/h"", ""cloud_cover"": ""94%"", ""cloud_ceiling"": ""9100m"", ""precip_probability"": ""40%"", ""acculumen_brightness"": ""0 (어둡게)""}"
4134,2026-07-10T19:07:19.843138+09:00,2026-07-10T20:00:00+09:00,1783681200,2026-07-10T11:00:00+00:00,27,34,,서남서 7km/h,완벽함,N/A,37%,"{""humidity"": ""89%"", ""dew_point"": ""25° C"", ""real_feel"": 34, ""visibility"": ""10km"", ""cloud_cover"": ""83%"", ""cloud_ceiling"": ""5900m"", ""precip_probability"": ""37%"", ""acculumen_brightness"": ""0 (어둡게)""}"
4210,2026-07-10T20:06:15.022494+09:00,2026-07-10T21:00:00+09:00,1783684800,2026-07-10T12:00:00+00:00,26,33,,서남서 6km/h,보통,N/A,32%,"{""humidity"": ""92%"", ""dew_point"": ""25° C"", ""real_feel"": 33, ""visibility"": ""8km"", ""cloud_cover"": ""49%"", ""cloud_ceiling"": ""9100m"", ""precip_probability"": ""32%"", ""acculumen_brightness"": ""0 (어둡게)""}"
4285,2026-07-10T21:06:36.940780+09:00,2026-07-10T22:00:00+09:00,1783688400,2026-07-10T13:00:00+00:00,26,32,,남남서 6km/h,보통,N/A,28%,"{""dew_point"": ""25° C"", ""real_feel"": 32, ""visibility"": ""8km"", ""cloud_cover"": ""44%"", ""cloud_ceiling"": ""9100m"", ""precip_probability"": ""28%"", ""acculumen_brightness"": ""0 (어둡게)""}"
4359,2026-07-10T22:08:02.114370+09:00,2026-07-10T23:00:00+09:00,1783692000,2026-07-10T14:00:00+00:00,25,31,,동남동 6km/h,보통,N/A,28%,"{""dew_point"": ""25° C"", ""real_feel"": 31, ""visibility"": ""8km"", ""cloud_cover"": ""38%"", ""cloud_ceiling"": ""9100m"", ""precip_probability"": ""28%"", ""acculumen_brightness"": ""0 (어둡게)""}"
4432,2026-07-10T23:05:29.592538+09:00,2026-07-11T00:00:00+09:00,1783695600,2026-07-10T15:00:00+00:00,25,31,,동남동 6km/h,보통,N/A,34%,"{""dew_point"": ""25° C"", ""real_feel"": 31, ""visibility"": ""8km"", ""cloud_cover"": ""32%"", ""cloud_ceiling"": ""9100m"", ""precip_probability"": ""34%"", ""acculumen_brightness"": ""0 (어둡게)""}"
4528,2026-07-11T00:06:42.124170+09:00,2026-07-11T01:00:00+09:00,1783699200,2026-07-10T16:00:00+00:00,25,31,,동남동 6km/h,보통,N/A,49%,"{""dew_point"": ""24° C"", ""real_feel"": 31, ""visibility"": ""8km"", ""cloud_cover"": ""43%"", ""cloud_ceiling"": ""9100m"", ""precip_probability"": ""49%"", ""acculumen_brightness"": ""0 (어둡게)""}"
4623,2026-07-11T01:05:11.129058+09:00,2026-07-11T02:00:00+09:00,1783702800,2026-07-10T17:00:00+00:00,25,29,,동남동 6km/h,보통,N/A,54%,"{""비"": ""0.5mm"", ""dew_point"": ""24° C"", ""real_feel"": 29, ""visibility"": ""8km"", ""cloud_cover"": ""76%"", ""cloud_ceiling"": ""2100m"", ""precip_probability"": ""54%"", ""acculumen_brightness"": ""0 (어둡게)""}"
4717,2026-07-11T02:06:01.728727+09:00,2026-07-11T03:00:00+09:00,1783706400,2026-07-10T18:00:00+00:00,24,28,,동남동 6km/h,보통,N/A,55%,"{""비"": ""0.5mm"", ""dew_point"": ""24° C"", ""real_feel"": 28, ""visibility"": ""10km"", ""cloud_cover"": ""65%"", ""cloud_ceiling"": ""500m"", ""precip_probability"": ""55%"", ""acculumen_brightness"": ""0 (어둡게)""}"
4810,2026-07-11T03:06:58.148868+09:00,2026-07-11T04:00:00+09:00,1783710000,2026-07-10T19:00:00+00:00,24,30,,동 6km/h,보통,N/A,40%,"{""dew_point"": ""24° C"", ""real_feel"": 30, ""visibility"": ""10km"", ""cloud_cover"": ""83%"", ""cloud_ceiling"": ""9100m"", ""precip_probability"": ""40%"", ""acculumen_brightness"": ""0 (어둡게)""}"
4902,2026-07-11T04:03:54.297235+09:00,2026-07-11T05:00:00+09:00,1783713600,2026-07-10T20:00:00+00:00,24,29,,동북동 6km/h,보통,N/A,34%,"{""dew_point"": ""24° C"", ""real_feel"": 29, ""visibility"": ""10km"", ""cloud_cover"": ""87%"", ""cloud_ceiling"": ""9100m"", ""precip_probability"": ""34%"", ""acculumen_brightness"": ""0 (어둡게)""}"
4993,2026-07-11T05:03:09.927103+09:00,2026-07-11T06:00:00+09:00,1783717200,2026-07-10T21:00:00+00:00,24,30,30,동북동 6km/h,보통,0,23%,"{""humidity"": ""99%"", ""dew_point"": ""24° C"", ""real_feel"": 30, ""visibility"": ""10km"", ""wind_gusts"": ""13km/h"", ""cloud_cover"": ""99%"", ""cloud_ceiling"": ""9100m"", ""precip_probability"": ""23%"", ""acculumen_brightness"": ""1 (어둡게)""}"
5083,2026-07-11T06:05:34.815888+09:00,2026-07-11T07:00:00+09:00,1783720800,2026-07-10T22:00:00+00:00,25,33,30,동 6km/h,보통,1,2%,"{""humidity"": ""98%"", ""dew_point"": ""25° C"", ""real_feel"": 33, ""visibility"": ""11km"", ""wind_gusts"": ""15km/h"", ""cloud_cover"": ""97%"", ""cloud_ceiling"": ""9100m"", ""precip_probability"": ""2%"", ""acculumen_brightness"": ""1 (어둡게)""}"
5172,2026-07-11T07:02:14.276031+09:00,2026-07-11T08:00:00+09:00,1783724400,2026-07-10T23:00:00+00:00,27,35,32,동남동 7km/h,보통,N/A,2%,"{""max_uv"": ""1.8 (낮음)"", ""humidity"": ""91%"", ""dew_point"": ""25° C"", ""real_feel"": 35, ""visibility"": ""16km"", ""wind_gusts"": ""17km/h"", ""cloud_cover"": ""94%"", ""cloud_ceiling"": ""9100m"", ""precip_probability"": ""2%"", ""acculumen_brightness"": ""2 (어둡게)""}"
5260,2026-07-11T08:05:11.830187+09:00,2026-07-11T09:00:00+09:00,1783728000,2026-07-11T00:00:00+00:00,28,37,34,남동 7km/h,보통,N/A,2%,"{""max_uv"": ""2.8 (보통)"", ""humidity"": ""84%"", ""dew_point"": ""25° C"", ""real_feel"": 37, ""visibility"": ""16km"", ""wind_gusts"": ""19km/h"", ""cloud_cover"": ""92%"", ""cloud_ceiling"": ""9100m"", ""precip_probability"": ""2%"", ""acculumen_brightness"": ""2 (어둡게)""}"
5347,2026-07-11T09:03:48.682340+09:00,2026-07-11T10:00:00+09:00,1783731600,2026-07-11T01:00:00+00:00,30,39,35,남남동 7km/h,보통,N/A,2%,"{""max_uv"": ""4.8 (보통)"", ""humidity"": ""77%"", ""dew_point"": ""25° C"", ""real_feel"": 39, ""visibility"": ""16km"", ""wind_gusts"": ""20km/h"", ""cloud_cover"": ""87%"", ""cloud_ceiling"": ""9100m"", ""precip_probability"": ""2%"", ""acculumen_brightness"": ""3 (칙칙함)""}"
5433,2026-07-11T10:02:44.421720+09:00,2026-07-11T11:00:00+09:00,1783735200,2026-07-11T02:00:00+00:00,31,41,36,남남서 9km/h,보통,N/A,2%,"{""max_uv"": ""7.1 (높음)"", ""humidity"": ""71%"", ""dew_point"": ""25° C"", ""real_feel"": 41, ""visibility"": ""16km"", ""wind_gusts"": ""22km/h"", ""cloud_cover"": ""81%"", ""cloud_ceiling"": ""9100m"", ""precip_probability"": ""2%"", ""acculumen_brightness"": ""4 (칙칙함)""}"
5518,2026-07-11T11:07:43.323346+09:00,2026-07-11T12:00:00+09:00,1783738800,2026-07-11T03:00:00+00:00,32,42,37,남서 9km/h,보통,N/A,1%,"{""max_uv"": ""8.6 (매우 높음)"", ""humidity"": ""66%"", ""dew_point"": ""25° C"", ""real_feel"": 42, ""visibility"": ""16km"", ""wind_gusts"": ""22km/h"", ""cloud_cover"": ""76%"", ""cloud_ceiling"": ""9100m"", ""precip_probability"": ""1%"", ""acculumen_brightness"": ""5 (중간)""}"
5602,2026-07-11T12:04:00.131081+09:00,2026-07-11T13:00:00+09:00,1783742400,2026-07-11T04:00:00+00:00,33,42,37,남서 9km/h,보통,N/A,0%,"{""max_uv"": ""6.7 (높음)"", ""humidity"": ""63%"", ""dew_point"": ""25° C"", ""real_feel"": 42, ""visibility"": ""16km"", ""wind_gusts"": ""22km/h"", ""cloud_cover"": ""84%"", ""cloud_ceiling"": ""9100m"", ""precip_probability"": ""0%"", ""acculumen_brightness"": ""4 (칙칙함)""}"
5685,2026-07-11T13:07:41.445725+09:00,2026-07-11T14:00:00+09:00,1783746000,2026-07-11T05:00:00+00:00,33,41,37,서남서 11km/h,보통,N/A,0%,"{""max_uv"": ""4.3 (보통)"", ""humidity"": ""61%"", ""dew_point"": ""25° C"", ""real_feel"": 41, ""visibility"": ""16km"", ""wind_gusts"": ""24km/h"", ""cloud_cover"": ""92%"", ""cloud_ceiling"": ""9100m"", ""precip_probability"": ""0%"", ""acculumen_brightness"": ""2 (어둡게)""}"
5767,2026-07-11T14:03:56.718928+09:00,2026-07-11T15:00:00+09:00,1783749600,2026-07-11T06:00:00+00:00,33,40,38,서남서 11km/h,보통,N/A,0%,"{""max_uv"": ""2.2 (낮음)"", ""humidity"": ""59%"", ""dew_point"": ""25° C"", ""real_feel"": 40, ""visibility"": ""16km"", ""wind_gusts"": ""24km/h"", ""cloud_cover"": ""100%"", ""cloud_ceiling"": ""9100m"", ""precip_probability"": ""0%"", ""acculumen_brightness"": ""1 (어둡게)""}"
5848,2026-07-11T15:05:18.574856+09:00,2026-07-11T16:00:00+09:00,1783753200,2026-07-11T07:00:00+00:00,34,40,38,서 11km/h,나쁨,N/A,0%,"{""max_uv"": ""1.5 (낮음)"", ""humidity"": ""56%"", ""dew_point"": ""24° C"", ""real_feel"": 40, ""visibility"": ""16km"", ""wind_gusts"": ""24km/h"", ""cloud_cover"": ""100%"", ""cloud_ceiling"": ""9100m"", ""precip_probability"": ""0%"", ""acculumen_brightness"": ""1 (어둡게)""}"
5928,2026-07-11T16:07:42.776760+09:00,2026-07-11T17:00:00+09:00,1783756800,2026-07-11T08:00:00+00:00,34,39,39,서 11km/h,나쁨,N/A,0%,"{""max_uv"": ""1.0 (낮음)"", ""humidity"": ""58%"", ""dew_point"": ""24° C"", ""real_feel"": 39, ""visibility"": ""16km"", ""wind_gusts"": ""22km/h"", ""cloud_cover"": ""100%"", ""cloud_ceiling"": ""9100m"", ""precip_probability"": ""0%"", ""acculumen_brightness"": ""1 (어둡게)""}"
6007,2026-07-11T17:04:35.169981+09:00,2026-07-11T18:00:00+09:00,1783760400,2026-07-11T09:00:00+00:00,33,38,38,서북서 11km/h,나쁨,N/A,0%,"{""max_uv"": ""0.5 (낮음)"", ""humidity"": ""60%"", ""dew_point"": ""24° C"", ""real_feel"": 38, ""visibility"": ""11km"", ""wind_gusts"": ""19km/h"", ""cloud_cover"": ""100%"", ""cloud_ceiling"": ""9100m"", ""precip_probability"": ""0%"", ""acculumen_brightness"": ""1 (어둡게)""}"
6085,2026-07-11T18:05:55.127033+09:00,2026-07-11T19:00:00+09:00,1783764000,2026-07-11T10:00:00+00:00,32,36,36,서 9km/h,나쁨,N/A,0%,"{""max_uv"": ""0.1 (낮음)"", ""humidity"": ""65%"", ""dew_point"": ""24° C"", ""real_feel"": 36, ""visibility"": ""16km"", ""wind_gusts"": ""17km/h"", ""cloud_cover"": ""98%"", ""cloud_ceiling"": ""9100m"", ""precip_probability"": ""0%"", ""acculumen_brightness"": ""0 (어둡게)""}"
6162,2026-07-11T19:05:57.605123+09:00,2026-07-11T20:00:00+09:00,1783767600,2026-07-11T11:00:00+00:00,30,35,,서북서 7km/h,나쁨,N/A,0%,"{""humidity"": ""70%"", ""dew_point"": ""24° C"", ""real_feel"": 35, ""visibility"": ""11km"", ""cloud_cover"": ""97%"", ""cloud_ceiling"": ""9100m"", ""precip_probability"": ""0%"", ""acculumen_brightness"": ""0 (어둡게)""}"
6238,2026-07-11T20:02:48.044431+09:00,2026-07-11T21:00:00+09:00,1783771200,2026-07-11T12:00:00+00:00,29,35,,북서 6km/h,보통,N/A,0%,"{""humidity"": ""74%"", ""dew_point"": ""24° C"", ""real_feel"": 35, ""visibility"": ""11km"", ""cloud_cover"": ""95%"", ""cloud_ceiling"": ""9100m"", ""precip_probability"": ""0%"", ""acculumen_brightness"": ""0 (어둡게)""}"
6313,2026-07-11T21:07:02.178083+09:00,2026-07-11T22:00:00+09:00,1783774800,2026-07-11T13:00:00+00:00,28,33,,서북서 6km/h,보통,N/A,0%,"{""humidity"": ""79%"", ""dew_point"": ""24° C"", ""real_feel"": 33, ""visibility"": ""11km"", ""cloud_cover"": ""96%"", ""cloud_ceiling"": ""9100m"", ""precip_probability"": ""0%"", ""acculumen_brightness"": ""0 (어둡게)""}"
6387,2026-07-11T22:02:44.883746+09:00,2026-07-11T23:00:00+09:00,1783778400,2026-07-11T14:00:00+00:00,27,32,,서북서 6km/h,보통,N/A,0%,"{""humidity"": ""83%"", ""dew_point"": ""24° C"", ""real_feel"": 32, ""visibility"": ""11km"", ""cloud_cover"": ""96%"", ""cloud_ceiling"": ""9100m"", ""precip_probability"": ""0%"", ""acculumen_brightness"": ""0 (어둡게)""}"
6460,2026-07-11T23:07:59.451982+09:00,2026-07-12T00:00:00+09:00,1783782000,2026-07-11T15:00:00+00:00,26,31,,서북서 6km/h,나쁨,N/A,0%,"{""humidity"": ""87%"", ""dew_point"": ""24° C"", ""real_feel"": 31, ""visibility"": ""11km"", ""cloud_cover"": ""97%"", ""cloud_ceiling"": ""9100m"", ""precip_probability"": ""0%"", ""acculumen_brightness"": ""0 (어둡게)""}"
6556,2026-07-12T00:06:41.268732+09:00,2026-07-12T01:00:00+09:00,1783785600,2026-07-11T16:00:00+00:00,25,30,,북서 6km/h,나쁨,N/A,1%,"{""dew_point"": ""24° C"", ""real_feel"": 30, ""visibility"": ""11km"", ""cloud_cover"": ""95%"", ""cloud_ceiling"": ""9100m"", ""precip_probability"": ""1%"", ""acculumen_brightness"": ""0 (어둡게)""}"
6651,2026-07-12T01:06:56.978966+09:00,2026-07-12T02:00:00+09:00,1783789200,2026-07-11T17:00:00+00:00,24,29,,동북동 6km/h,나쁨,N/A,1%,"{""dew_point"": ""24° C"", ""real_feel"": 29, ""visibility"": ""11km"", ""cloud_cover"": ""94%"", ""cloud_ceiling"": ""9100m"", ""precip_probability"": ""1%"", ""acculumen_brightness"": ""0 (어둡게)""}"
6745,2026-07-12T02:04:51.872659+09:00,2026-07-12T03:00:00+09:00,1783792800,2026-07-11T18:00:00+00:00,25,30,,동 6km/h,보통,N/A,2%,"{""dew_point"": ""24° C"", ""real_feel"": 30, ""visibility"": ""11km"", ""cloud_cover"": ""92%"", ""cloud_ceiling"": ""9100m"", ""precip_probability"": ""2%"", ""acculumen_brightness"": ""0 (어둡게)""}"
6838,2026-07-12T03:05:43.084231+09:00,2026-07-12T04:00:00+09:00,1783796400,2026-07-11T19:00:00+00:00,25,29,,동북동 6km/h,보통,N/A,4%,"{""dew_point"": ""23° C"", ""real_feel"": 29, ""visibility"": ""11km"", ""cloud_cover"": ""94%"", ""cloud_ceiling"": ""9100m"", ""precip_probability"": ""4%"", ""acculumen_brightness"": ""0 (어둡게)""}"
6930,2026-07-12T04:03:15.032591+09:00,2026-07-12T05:00:00+09:00,1783800000,2026-07-11T20:00:00+00:00,24,29,,동북동 6km/h,보통,N/A,4%,"{""dew_point"": ""24° C"", ""real_feel"": 29, ""visibility"": ""11km"", ""cloud_cover"": ""96%"", ""cloud_ceiling"": ""9100m"", ""precip_probability"": ""4%"", ""acculumen_brightness"": ""0 (어둡게)""}"
7021,2026-07-12T05:02:18.887395+09:00,2026-07-12T06:00:00+09:00,1783803600,2026-07-11T21:00:00+00:00,25,30,30,동북동 7km/h,보통,0,5%,"{""humidity"": ""94%"", ""dew_point"": ""24° C"", ""real_feel"": 30, ""visibility"": ""11km"", ""wind_gusts"": ""11km/h"", ""cloud_cover"": ""98%"", ""cloud_ceiling"": ""9100m"", ""precip_probability"": ""5%"", ""acculumen_brightness"": ""1 (어둡게)""}"
7111,2026-07-12T06:04:16.946952+09:00,2026-07-12T07:00:00+09:00,1783807200,2026-07-11T22:00:00+00:00,26,32,30,동북동 7km/h,보통,N/A,7%,"{""max_uv"": ""1.1 (낮음)"", ""humidity"": ""88%"", ""dew_point"": ""24° C"", ""real_feel"": 32, ""visibility"": ""11km"", ""wind_gusts"": ""13km/h"", ""cloud_cover"": ""96%"", ""cloud_ceiling"": ""9100m"", ""precip_probability"": ""7%"", ""acculumen_brightness"": ""1 (어둡게)""}"
7200,2026-07-12T07:02:46.517310+09:00,2026-07-12T08:00:00+09:00,1783810800,2026-07-11T23:00:00+00:00,29,37,34,동 6km/h,보통,N/A,7%,"{""max_uv"": ""1.8 (낮음)"", ""humidity"": ""76%"", ""dew_point"": ""25° C"", ""real_feel"": 37, ""visibility"": ""16km"", ""wind_gusts"": ""13km/h"", ""cloud_cover"": ""94%"", ""cloud_ceiling"": ""9100m"", ""precip_probability"": ""7%"", ""acculumen_brightness"": ""2 (어둡게)""}"
7288,2026-07-12T08:07:57.244806+09:00,2026-07-12T09:00:00+09:00,1783814400,2026-07-12T00:00:00+00:00,31,39,36,동남동 7km/h,보통,N/A,7%,"{""max_uv"": ""2.7 (보통)"", ""humidity"": ""70%"", ""dew_point"": ""25° C"", ""real_feel"": 39, ""visibility"": ""16km"", ""wind_gusts"": ""15km/h"", ""cloud_cover"": ""93%"", ""cloud_ceiling"": ""9100m"", ""precip_probability"": ""7%"", ""acculumen_brightness"": ""2 (어둡게)""}"
7375,2026-07-12T09:07:31.938702+09:00,2026-07-12T10:00:00+09:00,1783818000,2026-07-12T01:00:00+00:00,33,41,37,남남동 9km/h,보통,N/A,7%,"{""max_uv"": ""5.4 (보통)"", ""humidity"": ""64%"", ""dew_point"": ""25° C"", ""real_feel"": 41, ""visibility"": ""16km"", ""wind_gusts"": ""19km/h"", ""cloud_cover"": ""80%"", ""cloud_ceiling"": ""9100m"", ""precip_probability"": ""7%"", ""acculumen_brightness"": ""4 (칙칙함)""}"
7461,2026-07-12T10:06:04.866915+09:00,2026-07-12T11:00:00+09:00,1783821600,2026-07-12T02:00:00+00:00,34,43,38,남 11km/h,보통,N/A,7%,"{""max_uv"": ""8.8 (매우 높음)"", ""humidity"": ""57%"", ""dew_point"": ""25° C"", ""real_feel"": 43, ""visibility"": ""16km"", ""wind_gusts"": ""22km/h"", ""cloud_cover"": ""68%"", ""cloud_ceiling"": ""9100m"", ""precip_probability"": ""7%"", ""acculumen_brightness"": ""6 (중간)""}"
7546,2026-07-12T11:04:42.808784+09:00,2026-07-12T12:00:00+09:00,1783825200,2026-07-12T03:00:00+00:00,35,44,39,남남서 11km/h,보통,N/A,10%,"{""max_uv"": ""10.9 (극심함)"", ""humidity"": ""55%"", ""dew_point"": ""25° C"", ""real_feel"": 44, ""visibility"": ""16km"", ""wind_gusts"": ""26km/h"", ""cloud_cover"": ""55%"", ""cloud_ceiling"": ""9100m"", ""precip_probability"": ""10%"", ""acculumen_brightness"": ""7 (밝음)""}"
7630,2026-07-12T12:06:06.457618+09:00,2026-07-12T13:00:00+09:00,1783828800,2026-07-12T04:00:00+00:00,36,45,40,남남서 11km/h,보통,N/A,43%,"{""max_uv"": ""9.5 (매우 높음)"", ""humidity"": ""52%"", ""dew_point"": ""25° C"", ""real_feel"": 45, ""visibility"": ""16km"", ""wind_gusts"": ""28km/h"", ""cloud_cover"": ""63%"", ""cloud_ceiling"": ""9100m"", ""precip_probability"": ""43%"", ""acculumen_brightness"": ""7 (밝음)""}"
7713,2026-07-12T13:02:44.258725+09:00,2026-07-12T14:00:00+09:00,1783832400,2026-07-12T05:00:00+00:00,36,43,40,남남서 13km/h,보통,N/A,47%,"{""max_uv"": ""3.7 (보통)"", ""humidity"": ""51%"", ""dew_point"": ""25° C"", ""real_feel"": 43, ""visibility"": ""10km"", ""wind_gusts"": ""30km/h"", ""cloud_cover"": ""71%"", ""cloud_ceiling"": ""2100m"", ""precip_probability"": ""47%"", ""acculumen_brightness"": ""6 (중간)""}"
7795,2026-07-12T14:04:19.518474+09:00,2026-07-12T15:00:00+09:00,1783836000,2026-07-12T06:00:00+00:00,37,42,40,남남서 13km/h,보통,N/A,51%,"{""비"": ""0.5mm"", ""max_uv"": ""1.7 (낮음)"", ""humidity"": ""49%"", ""dew_point"": ""25° C"", ""real_feel"": 42, ""visibility"": ""10km"", ""wind_gusts"": ""32km/h"", ""cloud_cover"": ""79%"", ""cloud_ceiling"": ""1200m"", ""precip_probability"": ""51%"", ""acculumen_brightness"": ""4 (칙칙함)""}"
7876,2026-07-12T15:03:40.719921+09:00,2026-07-12T16:00:00+09:00,1783839600,2026-07-12T07:00:00+00:00,36,41,40,남남서 13km/h,나쁨,N/A,51%,"{""비"": ""0.5mm"", ""max_uv"": ""1.1 (낮음)"", ""humidity"": ""53%"", ""dew_point"": ""25° C"", ""real_feel"": 41, ""visibility"": ""10km"", ""wind_gusts"": ""30km/h"", ""cloud_cover"": ""89%"", ""cloud_ceiling"": ""2100m"", ""precip_probability"": ""51%"", ""acculumen_brightness"": ""3 (칙칙함)""}"
7956,2026-07-12T16:03:29.695770+09:00,2026-07-12T17:00:00+09:00,1783843200,2026-07-12T08:00:00+00:00,35,42,40,남서 13km/h,나쁨,N/A,47%,"{""max_uv"": ""1.7 (낮음)"", ""humidity"": ""56%"", ""dew_point"": ""25° C"", ""real_feel"": 42, ""visibility"": ""16km"", ""wind_gusts"": ""26km/h"", ""cloud_cover"": ""74%"", ""cloud_ceiling"": ""9100m"", ""precip_probability"": ""47%"", ""acculumen_brightness"": ""5 (중간)""}"
8035,2026-07-12T17:06:42.279489+09:00,2026-07-12T18:00:00+09:00,1783846800,2026-07-12T09:00:00+00:00,34,41,41,서남서 13km/h,보통,N/A,31%,"{""max_uv"": ""0.9 (낮음)"", ""humidity"": ""60%"", ""dew_point"": ""25° C"", ""real_feel"": 41, ""visibility"": ""16km"", ""wind_gusts"": ""24km/h"", ""cloud_cover"": ""71%"", ""cloud_ceiling"": ""9100m"", ""precip_probability"": ""31%"", ""acculumen_brightness"": ""4 (칙칙함)""}"
8113,2026-07-12T18:04:08.603561+09:00,2026-07-12T19:00:00+09:00,1783850400,2026-07-12T10:00:00+00:00,33,39,39,서 11km/h,보통,N/A,6%,"{""max_uv"": ""0.2 (낮음)"", ""humidity"": ""66%"", ""dew_point"": ""25° C"", ""real_feel"": 39, ""visibility"": ""16km"", ""wind_gusts"": ""26km/h"", ""cloud_cover"": ""36%"", ""cloud_ceiling"": ""9100m"", ""precip_probability"": ""6%"", ""acculumen_brightness"": ""1 (어둡게)""}"
8190,2026-07-12T19:05:38.955203+09:00,2026-07-12T20:00:00+09:00,1783854000,2026-07-12T11:00:00+00:00,32,38,,서 9km/h,보통,N/A,6%,"{""humidity"": ""70%"", ""dew_point"": ""26° C"", ""real_feel"": 38, ""visibility"": ""16km"", ""cloud_cover"": ""50%"", ""cloud_ceiling"": ""9100m"", ""precip_probability"": ""6%"", ""acculumen_brightness"": ""0 (어둡게)""}"
8266,2026-07-12T20:05:09.526246+09:00,2026-07-12T21:00:00+09:00,1783857600,2026-07-12T12:00:00+00:00,30,37,,서 7km/h,보통,N/A,6%,"{""humidity"": ""76%"", ""dew_point"": ""26° C"", ""real_feel"": 37, ""visibility"": ""16km"", ""cloud_cover"": ""65%"", ""cloud_ceiling"": ""9100m"", ""precip_probability"": ""6%"", ""acculumen_brightness"": ""0 (어둡게)""}"
8341,2026-07-12T21:05:58.336205+09:00,2026-07-12T22:00:00+09:00,1783861200,2026-07-12T13:00:00+00:00,29,36,,서북서 7km/h,나쁨,N/A,6%,"{""humidity"": ""83%"", ""dew_point"": ""26° C"", ""real_feel"": 36, ""visibility"": ""16km"", ""cloud_cover"": ""49%"", ""cloud_ceiling"": ""9100m"", ""precip_probability"": ""6%"", ""acculumen_brightness"": ""0 (어둡게)""}"
8415,2026-07-12T22:06:11.922048+09:00,2026-07-12T23:00:00+09:00,1783864800,2026-07-12T14:00:00+00:00,28,35,,서북서 6km/h,나쁨,N/A,6%,"{""humidity"": ""88%"", ""dew_point"": ""26° C"", ""real_feel"": 35, ""visibility"": ""16km"", ""cloud_cover"": ""33%"", ""cloud_ceiling"": ""9100m"", ""precip_probability"": ""6%"", ""acculumen_brightness"": ""0 (어둡게)""}"
8488,2026-07-12T23:05:23.743692+09:00,2026-07-13T00:00:00+09:00,1783868400,2026-07-12T15:00:00+00:00,27,34,,서북서 4km/h,나쁨,N/A,5%,"{""humidity"": ""91%"", ""dew_point"": ""25° C"", ""real_feel"": 34, ""visibility"": ""16km"", ""cloud_cover"": ""17%"", ""cloud_ceiling"": ""9100m"", ""precip_probability"": ""5%"", ""acculumen_brightness"": ""0 (어둡게)""}"
8584,2026-07-13T00:05:30.265065+09:00,2026-07-13T01:00:00+09:00,1783872000,2026-07-12T16:00:00+00:00,27,34,,북서 4km/h,나쁨,N/A,3%,"{""humidity"": ""92%"", ""dew_point"": ""25° C"", ""real_feel"": 34, ""visibility"": ""16km"", ""cloud_cover"": ""12%"", ""cloud_ceiling"": ""9100m"", ""precip_probability"": ""3%"", ""acculumen_brightness"": ""0 (어둡게)""}"
8679,2026-07-13T01:04:52.834987+09:00,2026-07-13T02:00:00+09:00,1783875600,2026-07-12T17:00:00+00:00,26,34,,북북서 2km/h,나쁨,N/A,3%,"{""humidity"": ""93%"", ""dew_point"": ""25° C"", ""real_feel"": 34, ""visibility"": ""16km"", ""cloud_cover"": ""6%"", ""cloud_ceiling"": ""9100m"", ""precip_probability"": ""3%"", ""acculumen_brightness"": ""0 (어둡게)""}"
8773,2026-07-13T02:03:24.774274+09:00,2026-07-13T03:00:00+09:00,1783879200,2026-07-12T18:00:00+00:00,26,33,,북 4km/h,나쁨,N/A,3%,"{""humidity"": ""94%"", ""dew_point"": ""25° C"", ""real_feel"": 33, ""visibility"": ""11km"", ""cloud_cover"": ""0%"", ""cloud_ceiling"": ""9100m"", ""precip_probability"": ""3%"", ""acculumen_brightness"": ""0 (어둡게)""}"
8866,2026-07-13T03:03:58.505473+09:00,2026-07-13T04:00:00+09:00,1783882800,2026-07-12T19:00:00+00:00,26,32,,동북동 4km/h,나쁨,N/A,3%,"{""humidity"": ""97%"", ""dew_point"": ""25° C"", ""real_feel"": 32, ""visibility"": ""11km"", ""cloud_cover"": ""3%"", ""cloud_ceiling"": ""9100m"", ""precip_probability"": ""3%"", ""acculumen_brightness"": ""0 (어둡게)""}"
8958,2026-07-13T04:02:35.942157+09:00,2026-07-13T05:00:00+09:00,1783886400,2026-07-12T20:00:00+00:00,25,31,,동 6km/h,나쁨,N/A,3%,"{""dew_point"": ""25° C"", ""real_feel"": 31, ""visibility"": ""11km"", ""cloud_cover"": ""7%"", ""cloud_ceiling"": ""9100m"", ""precip_probability"": ""3%"", ""acculumen_brightness"": ""1 (어둡게)""}"
9049,2026-07-13T05:04:45.107523+09:00,2026-07-13T06:00:00+09:00,1783890000,2026-07-12T21:00:00+00:00,25,33,30,동남동 6km/h,나쁨,1,6%,"{""humidity"": ""98%"", ""dew_point"": ""25° C"", ""real_feel"": 33, ""visibility"": ""11km"", ""wind_gusts"": ""15km/h"", ""cloud_cover"": ""10%"", ""cloud_ceiling"": ""9100m"", ""precip_probability"": ""6%"", ""acculumen_brightness"": ""7 (밝음)""}"
9139,2026-07-13T06:06:41.644767+09:00,2026-07-13T07:00:00+09:00,1783893600,2026-07-12T22:00:00+00:00,27,35,32,남동 7km/h,나쁨,N/A,43%,"{""max_uv"": ""2.0 (낮음)"", ""humidity"": ""87%"", ""dew_point"": ""25° C"", ""real_feel"": 35, ""visibility"": ""11km"", ""wind_gusts"": ""19km/h"", ""cloud_cover"": ""23%"", ""cloud_ceiling"": ""9100m"", ""precip_probability"": ""43%"", ""acculumen_brightness"": ""9 (매우 밝음)""}"
9228,2026-07-13T07:07:04.475250+09:00,2026-07-13T08:00:00+09:00,1783897200,2026-07-12T23:00:00+00:00,29,37,34,남 9km/h,보통,N/A,47%,"{""max_uv"": ""3.3 (보통)"", ""humidity"": ""80%"", ""dew_point"": ""25° C"", ""real_feel"": 37, ""visibility"": ""16km"", ""wind_gusts"": ""20km/h"", ""cloud_cover"": ""37%"", ""cloud_ceiling"": ""9100m"", ""precip_probability"": ""47%"", ""acculumen_brightness"": ""9 (매우 밝음)""}"
9316,2026-07-13T08:02:26.956771+09:00,2026-07-13T09:00:00+09:00,1783900800,2026-07-13T00:00:00+00:00,30,37,35,남남서 9km/h,보통,N/A,51%,"{""비"": ""0.4mm"", ""max_uv"": ""2.2 (낮음)"", ""humidity"": ""73%"", ""dew_point"": ""25° C"", ""real_feel"": 37, ""visibility"": ""10km"", ""wind_gusts"": ""22km/h"", ""cloud_cover"": ""70%"", ""cloud_ceiling"": ""2100m"", ""precip_probability"": ""51%"", ""acculumen_brightness"": ""6 (중간)""}"
9403,2026-07-13T09:05:06.860687+09:00,2026-07-13T10:00:00+09:00,1783904400,2026-07-13T01:00:00+00:00,32,41,36,남남서 9km/h,보통,N/A,51%,"{""비"": ""0.7mm"", ""max_uv"": ""7.4 (높음)"", ""humidity"": ""68%"", ""dew_point"": ""25° C"", ""real_feel"": 41, ""visibility"": ""10km"", ""wind_gusts"": ""24km/h"", ""cloud_cover"": ""42%"", ""cloud_ceiling"": ""9100m"", ""precip_probability"": ""51%"", ""acculumen_brightness"": ""8 (밝음)""}"
9489,2026-07-13T10:06:23.978192+09:00,2026-07-13T11:00:00+09:00,1783908000,2026-07-13T02:00:00+00:00,33,42,37,남남서 11km/h,보통,N/A,47%,"{""max_uv"": ""9.9 (매우 높음)"", ""humidity"": ""64%"", ""dew_point"": ""25° C"", ""real_feel"": 42, ""visibility"": ""16km"", ""wind_gusts"": ""28km/h"", ""cloud_cover"": ""30%"", ""cloud_ceiling"": ""9100m"", ""precip_probability"": ""47%"", ""acculumen_brightness"": ""9 (매우 밝음)""}"
9574,2026-07-13T11:06:31.282349+09:00,2026-07-13T12:00:00+09:00,1783911600,2026-07-13T03:00:00+00:00,33,43,37,남남서 11km/h,보통,N/A,40%,"{""max_uv"": ""10.9 (극심함)"", ""humidity"": ""61%"", ""dew_point"": ""25° C"", ""real_feel"": 43, ""visibility"": ""16km"", ""wind_gusts"": ""30km/h"", ""cloud_cover"": ""19%"", ""cloud_ceiling"": ""9100m"", ""precip_probability"": ""40%"", ""acculumen_brightness"": ""9 (매우 밝음)""}"
9658,2026-07-13T12:07:20.070468+09:00,2026-07-13T13:00:00+09:00,1783915200,2026-07-13T04:00:00+00:00,34,43,38,남서 13km/h,보통,N/A,34%,"{""max_uv"": ""8.5 (매우 높음)"", ""humidity"": ""59%"", ""dew_point"": ""25° C"", ""real_feel"": 43, ""visibility"": ""10km"", ""wind_gusts"": ""32km/h"", ""cloud_cover"": ""70%"", ""cloud_ceiling"": ""9100m"", ""precip_probability"": ""34%"", ""acculumen_brightness"": ""6 (중간)""}"
9741,2026-07-13T13:05:04.289689+09:00,2026-07-13T14:00:00+09:00,1783918800,2026-07-13T05:00:00+00:00,34,42,38,남서 15km/h,보통,N/A,34%,"{""max_uv"": ""7.4 (높음)"", ""humidity"": ""57%"", ""dew_point"": ""25° C"", ""real_feel"": 42, ""visibility"": ""16km"", ""wind_gusts"": ""32km/h"", ""cloud_cover"": ""21%"", ""cloud_ceiling"": ""9100m"", ""precip_probability"": ""34%"", ""acculumen_brightness"": ""9 (매우 밝음)""}"
9823,2026-07-13T14:05:13.766287+09:00,2026-07-13T15:00:00+09:00,1783922400,2026-07-13T06:00:00+00:00,35,42,39,서남서 17km/h,보통,N/A,49%,"{""max_uv"": ""4.8 (보통)"", ""humidity"": ""55%"", ""dew_point"": ""25° C"", ""real_feel"": 42, ""visibility"": ""16km"", ""wind_gusts"": ""33km/h"", ""cloud_cover"": ""25%"", ""cloud_ceiling"": ""9100m"", ""precip_probability"": ""49%"", ""acculumen_brightness"": ""9 (매우 밝음)""}"
9904,2026-07-13T15:02:27.376076+09:00,2026-07-13T16:00:00+09:00,1783926000,2026-07-13T07:00:00+00:00,34,38,38,서남서 17km/h,보통,N/A,51%,"{""비"": ""0.1mm"", ""max_uv"": ""0.9 (낮음)"", ""humidity"": ""58%"", ""dew_point"": ""25° C"", ""real_feel"": 38, ""visibility"": ""10km"", ""wind_gusts"": ""32km/h"", ""cloud_cover"": ""95%"", ""cloud_ceiling"": ""2100m"", ""precip_probability"": ""51%"", ""acculumen_brightness"": ""1 (어둡게)""}"
9984,2026-07-13T16:07:59.564851+09:00,2026-07-13T17:00:00+09:00,1783929600,2026-07-13T08:00:00+00:00,33,39,37,서남서 15km/h,보통,N/A,48%,"{""max_uv"": ""2.0 (낮음)"", ""humidity"": ""61%"", ""dew_point"": ""25° C"", ""real_feel"": 39, ""visibility"": ""16km"", ""wind_gusts"": ""30km/h"", ""cloud_cover"": ""19%"", ""cloud_ceiling"": ""9100m"", ""precip_probability"": ""48%"", ""acculumen_brightness"": ""9 (매우 밝음)""}"
10063,2026-07-13T17:05:09.125817+09:00,2026-07-13T18:00:00+09:00,1783933200,2026-07-13T09:00:00+00:00,33,37,37,남서 13km/h,보통,N/A,55%,"{""max_uv"": ""0.6 (낮음)"", ""humidity"": ""63%"", ""dew_point"": ""25° C"", ""real_feel"": 37, ""visibility"": ""16km"", ""wind_gusts"": ""30km/h"", ""cloud_cover"": ""68%"", ""cloud_ceiling"": ""3000m"", ""precip_probability"": ""55%"", ""acculumen_brightness"": ""4 (칙칙함)""}"
10141,2026-07-13T18:03:29.073202+09:00,2026-07-13T19:00:00+09:00,1783936800,2026-07-13T10:00:00+00:00,32,38,38,남서 11km/h,보통,N/A,25%,"{""max_uv"": ""0.2 (낮음)"", ""humidity"": ""67%"", ""dew_point"": ""25° C"", ""real_feel"": 38, ""visibility"": ""16km"", ""wind_gusts"": ""28km/h"", ""cloud_cover"": ""23%"", ""cloud_ceiling"": ""9100m"", ""precip_probability"": ""25%"", ""acculumen_brightness"": ""1 (어둡게)""}"
10218,2026-07-13T19:06:49.643791+09:00,2026-07-13T20:00:00+09:00,1783940400,2026-07-13T11:00:00+00:00,31,37,,남서 9km/h,보통,N/A,20%,"{""humidity"": ""73%"", ""dew_point"": ""25° C"", ""real_feel"": 37, ""visibility"": ""10km"", ""cloud_cover"": ""70%"", ""cloud_ceiling"": ""2100m"", ""precip_probability"": ""20%"", ""acculumen_brightness"": ""0 (어둡게)""}"
10294,2026-07-13T20:07:24.406030+09:00,2026-07-13T21:00:00+09:00,1783944000,2026-07-13T12:00:00+00:00,30,36,,서남서 9km/h,보통,N/A,20%,"{""humidity"": ""78%"", ""dew_point"": ""25° C"", ""real_feel"": 36, ""visibility"": ""11km"", ""cloud_cover"": ""70%"", ""cloud_ceiling"": ""9100m"", ""precip_probability"": ""20%"", ""acculumen_brightness"": ""0 (어둡게)""}"
10369,2026-07-13T21:04:28.400223+09:00,2026-07-13T22:00:00+09:00,1783947600,2026-07-13T13:00:00+00:00,28,35,,남서 7km/h,보통,N/A,20%,"{""humidity"": ""84%"", ""dew_point"": ""25° C"", ""real_feel"": 35, ""visibility"": ""11km"", ""cloud_cover"": ""69%"", ""cloud_ceiling"": ""9100m"", ""precip_probability"": ""20%"", ""acculumen_brightness"": ""0 (어둡게)""}"
10443,2026-07-13T22:07:11.478763+09:00,2026-07-13T23:00:00+09:00,1783951200,2026-07-13T14:00:00+00:00,28,35,,남서 6km/h,나쁨,N/A,20%,"{""humidity"": ""86%"", ""dew_point"": ""25° C"", ""real_feel"": 35, ""visibility"": ""11km"", ""cloud_cover"": ""70%"", ""cloud_ceiling"": ""2100m"", ""precip_probability"": ""20%"", ""acculumen_brightness"": ""0 (어둡게)""}"
10516,2026-07-13T23:04:49.348124+09:00,2026-07-14T00:00:00+09:00,1783954800,2026-07-13T15:00:00+00:00,28,34,,남남서 6km/h,나쁨,N/A,19%,"{""humidity"": ""87%"", ""dew_point"": ""25° C"", ""real_feel"": 34, ""visibility"": ""11km"", ""cloud_cover"": ""67%"", ""cloud_ceiling"": ""9100m"", ""precip_probability"": ""19%"", ""acculumen_brightness"": ""0 (어둡게)""}"
10612,2026-07-14T00:06:47.340073+09:00,2026-07-14T01:00:00+09:00,1783958400,2026-07-13T16:00:00+00:00,28,34,,남 7km/h,나쁨,N/A,17%,"{""humidity"": ""87%"", ""dew_point"": ""25° C"", ""real_feel"": 34, ""visibility"": ""11km"", ""cloud_cover"": ""78%"", ""cloud_ceiling"": ""9100m"", ""precip_probability"": ""17%"", ""acculumen_brightness"": ""0 (어둡게)""}"
10707,2026-07-14T01:03:22.550304+09:00,2026-07-14T02:00:00+09:00,1783962000,2026-07-13T17:00:00+00:00,28,34,,남남동 7km/h,나쁨,N/A,17%,"{""humidity"": ""87%"", ""dew_point"": ""25° C"", ""real_feel"": 34, ""visibility"": ""11km"", ""cloud_cover"": ""88%"", ""cloud_ceiling"": ""9100m"", ""precip_probability"": ""17%"", ""acculumen_brightness"": ""0 (어둡게)""}"
10801,2026-07-14T02:07:00.040262+09:00,2026-07-14T03:00:00+09:00,1783965600,2026-07-13T18:00:00+00:00,27,34,,남남동 7km/h,보통,N/A,22%,"{""humidity"": ""86%"", ""dew_point"": ""25° C"", ""real_feel"": 34, ""visibility"": ""10km"", ""cloud_cover"": ""98%"", ""cloud_ceiling"": ""9100m"", ""precip_probability"": ""22%"", ""acculumen_brightness"": ""0 (어둡게)""}"
10894,2026-07-14T03:02:25.860879+09:00,2026-07-14T04:00:00+09:00,1783969200,2026-07-13T19:00:00+00:00,27,33,,남동 7km/h,보통,N/A,43%,"{""humidity"": ""90%"", ""dew_point"": ""25° C"", ""real_feel"": 33, ""visibility"": ""10km"", ""cloud_cover"": ""99%"", ""cloud_ceiling"": ""500m"", ""precip_probability"": ""43%"", ""acculumen_brightness"": ""0 (어둡게)""}"
10986,2026-07-14T04:05:08.182739+09:00,2026-07-14T05:00:00+09:00,1783972800,2026-07-13T20:00:00+00:00,26,32,,남동 7km/h,보통,N/A,47%,"{""humidity"": ""92%"", ""dew_point"": ""25° C"", ""real_feel"": 32, ""visibility"": ""10km"", ""cloud_cover"": ""99%"", ""cloud_ceiling"": ""500m"", ""precip_probability"": ""47%"", ""acculumen_brightness"": ""0 (어둡게)""}"
11077,2026-07-14T05:03:05.699525+09:00,2026-07-14T06:00:00+09:00,1783976400,2026-07-13T21:00:00+00:00,27,32,32,남동 7km/h,보통,N/A,49%,"{""비"": ""0.3mm"", ""max_uv"": ""0.2 (낮음)"", ""humidity"": ""87%"", ""dew_point"": ""25° C"", ""real_feel"": 32, ""visibility"": ""10km"", ""wind_gusts"": ""19km/h"", ""cloud_cover"": ""100%"", ""cloud_ceiling"": ""500m"", ""precip_probability"": ""49%"", ""acculumen_brightness"": ""1 (어둡게)""}"
11167,2026-07-14T06:05:05.409450+09:00,2026-07-14T07:00:00+09:00,1783980000,2026-07-13T22:00:00+00:00,28,34,34,남남동 9km/h,보통,N/A,49%,"{""max_uv"": ""0.6 (낮음)"", ""humidity"": ""84%"", ""dew_point"": ""25° C"", ""real_feel"": 34, ""visibility"": ""10km"", ""wind_gusts"": ""22km/h"", ""cloud_cover"": ""94%"", ""cloud_ceiling"": ""500m"", ""precip_probability"": ""49%"", ""acculumen_brightness"": ""2 (어둡게)""}"
11256,2026-07-14T07:02:55.200773+09:00,2026-07-14T08:00:00+09:00,1783983600,2026-07-13T23:00:00+00:00,28,35,33,남 11km/h,보통,N/A,49%,"{""max_uv"": ""1.0 (낮음)"", ""humidity"": ""81%"", ""dew_point"": ""25° C"", ""real_feel"": 35, ""visibility"": ""11km"", ""wind_gusts"": ""28km/h"", ""cloud_cover"": ""89%"", ""cloud_ceiling"": ""500m"", ""precip_probability"": ""49%"", ""acculumen_brightness"": ""3 (칙칙함)""}"
11344,2026-07-14T08:06:50.910444+09:00,2026-07-14T09:00:00+09:00,1783987200,2026-07-14T00:00:00+00:00,29,34,33,남 13km/h,완벽함,N/A,64%,"{""비"": ""1.8mm"", ""max_uv"": ""1.3 (낮음)"", ""humidity"": ""81%"", ""dew_point"": ""26° C"", ""real_feel"": 34, ""visibility"": ""8km"", ""wind_gusts"": ""33km/h"", ""cloud_cover"": ""83%"", ""cloud_ceiling"": ""500m"", ""precip_probability"": ""64%"", ""acculumen_brightness"": ""4 (칙칙함)""}"
11431,2026-07-14T09:03:22.160920+09:00,2026-07-14T10:00:00+09:00,1783990800,2026-07-14T01:00:00+00:00,30,35,33,남 15km/h,완벽함,N/A,79%,"{""비"": ""1.8mm"", ""max_uv"": ""2.2 (낮음)"", ""humidity"": ""78%"", ""dew_point"": ""26° C"", ""real_feel"": 35, ""visibility"": ""8km"", ""wind_gusts"": ""37km/h"", ""cloud_cover"": ""84%"", ""cloud_ceiling"": ""1200m"", ""precip_probability"": ""79%"", ""acculumen_brightness"": ""4 (칙칙함)""}"
11517,2026-07-14T10:04:46.940191+09:00,2026-07-14T11:00:00+09:00,1783994400,2026-07-14T02:00:00+00:00,31,36,34,남 15km/h,완벽함,N/A,79%,"{""비"": ""1.8mm"", ""max_uv"": ""2.6 (보통)"", ""humidity"": ""75%"", ""dew_point"": ""26° C"", ""real_feel"": 36, ""visibility"": ""5km"", ""wind_gusts"": ""39km/h"", ""cloud_cover"": ""85%"", ""cloud_ceiling"": ""600m"", ""precip_probability"": ""79%"", ""acculumen_brightness"": ""3 (칙칙함)""}"
11602,2026-07-14T11:07:10.289868+09:00,2026-07-14T12:00:00+09:00,1783998000,2026-07-14T03:00:00+00:00,32,38,36,남 17km/h,완벽함,N/A,79%,"{""비"": ""1.8mm"", ""max_uv"": ""3.0 (보통)"", ""humidity"": ""68%"", ""dew_point"": ""26° C"", ""real_feel"": 38, ""visibility"": ""8km"", ""wind_gusts"": ""43km/h"", ""cloud_cover"": ""87%"", ""cloud_ceiling"": ""1200m"", ""precip_probability"": ""79%"", ""acculumen_brightness"": ""3 (칙칙함)""}"
11686,2026-07-14T12:05:42.868842+09:00,2026-07-14T13:00:00+09:00,1784001600,2026-07-14T04:00:00+00:00,32,37,36,남 19km/h,보통,N/A,66%,"{""비"": ""3.4mm"", ""max_uv"": ""2.3 (낮음)"", ""humidity"": ""72%"", ""dew_point"": ""26° C"", ""real_feel"": 37, ""visibility"": ""6km"", ""wind_gusts"": ""48km/h"", ""cloud_cover"": ""91%"", ""cloud_ceiling"": ""600m"", ""precip_probability"": ""66%"", ""acculumen_brightness"": ""2 (어둡게)""}"
11769,2026-07-14T13:04:29.709575+09:00,2026-07-14T14:00:00+09:00,1784005200,2026-07-14T05:00:00+00:00,32,38,35,남남서 22km/h,보통,N/A,49%,"{""max_uv"": ""3.9 (보통)"", ""humidity"": ""67%"", ""dew_point"": ""25° C"", ""real_feel"": 38, ""visibility"": ""10km"", ""wind_gusts"": ""54km/h"", ""cloud_cover"": ""95%"", ""cloud_ceiling"": ""9100m"", ""precip_probability"": ""49%"", ""acculumen_brightness"": ""1 (어둡게)""}"
11851,2026-07-14T14:07:11.439128+09:00,2026-07-14T15:00:00+09:00,1784008800,2026-07-14T06:00:00+00:00,34,38,37,남남서 24km/h,보통,N/A,49%,"{""max_uv"": ""2.2 (낮음)"", ""humidity"": ""60%"", ""dew_point"": ""25° C"", ""real_feel"": 38, ""visibility"": ""8km"", ""wind_gusts"": ""59km/h"", ""cloud_cover"": ""100%"", ""cloud_ceiling"": ""9100m"", ""precip_probability"": ""49%"", ""acculumen_brightness"": ""1 (어둡게)""}"
11932,2026-07-14T15:05:15.144562+09:00,2026-07-14T16:00:00+09:00,1784012400,2026-07-14T07:00:00+00:00,31,35,35,남남서 22km/h,보통,N/A,85%,"{""비"": ""3.4mm"", ""max_uv"": ""0.6 (낮음)"", ""humidity"": ""75%"", ""dew_point"": ""26° C"", ""real_feel"": 35, ""visibility"": ""6km"", ""wind_gusts"": ""57km/h"", ""cloud_cover"": ""100%"", ""cloud_ceiling"": ""500m"", ""precip_probability"": ""85%"", ""acculumen_brightness"": ""1 (어둡게)""}"
12012,2026-07-14T16:02:29.376518+09:00,2026-07-14T17:00:00+09:00,1784016000,2026-07-14T08:00:00+00:00,30,33,33,남남서 22km/h,보통,N/A,85%,"{""비"": ""3.4mm"", ""max_uv"": ""0.4 (낮음)"", ""humidity"": ""79%"", ""dew_point"": ""26° C"", ""real_feel"": 33, ""visibility"": ""6km"", ""wind_gusts"": ""54km/h"", ""cloud_cover"": ""100%"", ""cloud_ceiling"": ""400m"", ""precip_probability"": ""85%"", ""acculumen_brightness"": ""1 (어둡게)""}"
12091,2026-07-14T17:02:29.315885+09:00,2026-07-14T18:00:00+09:00,1784019600,2026-07-14T09:00:00+00:00,28,32,32,남남서 20km/h,보통,N/A,83%,"{""비"": ""3.4mm"", ""max_uv"": ""0.2 (낮음)"", ""humidity"": ""87%"", ""dew_point"": ""26° C"", ""real_feel"": 32, ""visibility"": ""5km"", ""wind_gusts"": ""52km/h"", ""cloud_cover"": ""100%"", ""cloud_ceiling"": ""400m"", ""precip_probability"": ""83%"", ""acculumen_brightness"": ""1 (어둡게)""}"
12169,2026-07-14T18:02:20.480257+09:00,2026-07-14T19:00:00+09:00,1784023200,2026-07-14T10:00:00+00:00,29,32,32,남남서 19km/h,완벽함,N/A,80%,"{""비"": ""1.1mm"", ""max_uv"": ""0.0 (낮음)"", ""humidity"": ""83%"", ""dew_point"": ""26° C"", ""real_feel"": 32, ""visibility"": ""5km"", ""wind_gusts"": ""46km/h"", ""cloud_cover"": ""100%"", ""cloud_ceiling"": ""500m"", ""precip_probability"": ""80%"", ""acculumen_brightness"": ""0 (어둡게)""}"
12246,2026-07-14T19:04:38.186724+09:00,2026-07-14T20:00:00+09:00,1784026800,2026-07-14T11:00:00+00:00,28,31,,남 17km/h,완벽함,N/A,82%,"{""비"": ""2.6mm"", ""humidity"": ""85%"", ""dew_point"": ""26° C"", ""real_feel"": 31, ""visibility"": ""5km"", ""cloud_cover"": ""100%"", ""cloud_ceiling"": ""400m"", ""precip_probability"": ""82%"", ""acculumen_brightness"": ""0 (어둡게)""}"
12322,2026-07-14T20:07:47.809338+09:00,2026-07-14T21:00:00+09:00,1784030400,2026-07-14T12:00:00+00:00,27,30,,남 17km/h,완벽함,N/A,88%,"{""비"": ""4.6mm"", ""humidity"": ""91%"", ""dew_point"": ""25° C"", ""real_feel"": 30, ""visibility"": ""3km"", ""cloud_cover"": ""100%"", ""cloud_ceiling"": ""400m"", ""precip_probability"": ""88%"", ""acculumen_brightness"": ""0 (어둡게)""}"
12397,2026-07-14T21:05:35.214668+09:00,2026-07-14T22:00:00+09:00,1784034000,2026-07-14T13:00:00+00:00,27,29,,남 17km/h,보통,N/A,84%,"{""비"": ""11.4mm"", ""humidity"": ""93%"", ""dew_point"": ""25° C"", ""real_feel"": 29, ""visibility"": ""3km"", ""cloud_cover"": ""100%"", ""cloud_ceiling"": ""400m"", ""precip_probability"": ""84%"", ""acculumen_brightness"": ""0 (어둡게)""}"
12471,2026-07-14T22:03:34.161282+09:00,2026-07-14T23:00:00+09:00,1784037600,2026-07-14T14:00:00+00:00,26,31,,남남서 19km/h,보통,N/A,69%,"{""비"": ""0.1mm"", ""humidity"": ""94%"", ""dew_point"": ""25° C"", ""real_feel"": 31, ""visibility"": ""3km"", ""cloud_cover"": ""100%"", ""cloud_ceiling"": ""400m"", ""precip_probability"": ""69%"", ""acculumen_brightness"": ""0 (어둡게)""}"
12544,2026-07-14T23:02:31.596839+09:00,2026-07-15T00:00:00+09:00,1784041200,2026-07-14T15:00:00+00:00,26,30,,남서 20km/h,보통,N/A,74%,"{""비"": ""0.4mm"", ""humidity"": ""94%"", ""dew_point"": ""25° C"", ""real_feel"": 30, ""visibility"": ""5km"", ""cloud_cover"": ""100%"", ""cloud_ceiling"": ""400m"", ""precip_probability"": ""74%"", ""acculumen_brightness"": ""0 (어둡게)""}"
12640,2026-07-15T00:04:31.412688+09:00,2026-07-15T01:00:00+09:00,1784044800,2026-07-14T16:00:00+00:00,26,30,,남서 19km/h,보통,N/A,60%,"{""비"": ""0.2mm"", ""humidity"": ""94%"", ""dew_point"": ""25° C"", ""real_feel"": 30, ""visibility"": ""5km"", ""cloud_cover"": ""100%"", ""cloud_ceiling"": ""400m"", ""precip_probability"": ""60%"", ""acculumen_brightness"": ""0 (어둡게)""}"
12735,2026-07-15T01:07:01.462630+09:00,2026-07-15T02:00:00+09:00,1784048400,2026-07-14T17:00:00+00:00,26,30,,남서 17km/h,보통,N/A,51%,"{""humidity"": ""94%"", ""dew_point"": ""25° C"", ""real_feel"": 30, ""visibility"": ""5km"", ""cloud_cover"": ""100%"", ""cloud_ceiling"": ""400m"", ""precip_probability"": ""51%"", ""acculumen_brightness"": ""0 (어둡게)""}"
12829,2026-07-15T02:03:21.032518+09:00,2026-07-15T03:00:00+09:00,1784052000,2026-07-14T18:00:00+00:00,26,30,,남서 15km/h,보통,N/A,52%,"{""비"": ""0.1mm"", ""humidity"": ""94%"", ""dew_point"": ""25° C"", ""real_feel"": 30, ""visibility"": ""6km"", ""cloud_cover"": ""100%"", ""cloud_ceiling"": ""400m"", ""precip_probability"": ""52%"", ""acculumen_brightness"": ""0 (어둡게)""}"
12922,2026-07-15T03:05:55.263388+09:00,2026-07-15T04:00:00+09:00,1784055600,2026-07-14T19:00:00+00:00,26,30,,남서 13km/h,나쁨,N/A,44%,"{""humidity"": ""94%"", ""dew_point"": ""25° C"", ""real_feel"": 30, ""visibility"": ""8km"", ""cloud_cover"": ""100%"", ""cloud_ceiling"": ""400m"", ""precip_probability"": ""44%"", ""acculumen_brightness"": ""0 (어둡게)""}"
13014,2026-07-15T04:02:42.764588+09:00,2026-07-15T05:00:00+09:00,1784059200,2026-07-14T20:00:00+00:00,26,30,,서남서 11km/h,나쁨,N/A,51%,"{""비"": ""0.2mm"", ""dew_point"": ""25° C"", ""real_feel"": 30, ""visibility"": ""6km"", ""cloud_cover"": ""100%"", ""cloud_ceiling"": ""400m"", ""precip_probability"": ""51%"", ""acculumen_brightness"": ""0 (어둡게)""}"
13105,2026-07-15T05:05:22.087486+09:00,2026-07-15T06:00:00+09:00,1784062800,2026-07-14T21:00:00+00:00,25,31,31,서남서 11km/h,보통,0,42%,"{""humidity"": ""97%"", ""dew_point"": ""25° C"", ""real_feel"": 31, ""visibility"": ""8km"", ""wind_gusts"": ""26km/h"", ""cloud_cover"": ""100%"", ""cloud_ceiling"": ""400m"", ""precip_probability"": ""42%"", ""acculumen_brightness"": ""1 (어둡게)""}"
13195,2026-07-15T06:06:33.577798+09:00,2026-07-15T07:00:00+09:00,1784066400,2026-07-14T22:00:00+00:00,25,30,30,서남서 11km/h,보통,0,51%,"{""humidity"": ""96%"", ""dew_point"": ""25° C"", ""real_feel"": 30, ""visibility"": ""8km"", ""wind_gusts"": ""26km/h"", ""cloud_cover"": ""100%"", ""cloud_ceiling"": ""400m"", ""precip_probability"": ""51%"", ""acculumen_brightness"": ""1 (어둡게)""}"
13284,2026-07-15T07:02:24.612083+09:00,2026-07-15T08:00:00+09:00,1784070000,2026-07-14T23:00:00+00:00,25,30,30,서남서 11km/h,보통,0,56%,"{""비"": ""0.4mm"", ""humidity"": ""96%"", ""dew_point"": ""25° C"", ""real_feel"": 30, ""visibility"": ""8km"", ""wind_gusts"": ""28km/h"", ""cloud_cover"": ""100%"", ""cloud_ceiling"": ""400m"", ""precip_probability"": ""56%"", ""acculumen_brightness"": ""1 (어둡게)""}"
13372,2026-07-15T08:04:42.505433+09:00,2026-07-15T09:00:00+09:00,1784073600,2026-07-15T00:00:00+00:00,25,30,30,서남서 11km/h,보통,1,52%,"{""humidity"": ""95%"", ""dew_point"": ""24° C"", ""real_feel"": 30, ""visibility"": ""10km"", ""wind_gusts"": ""28km/h"", ""cloud_cover"": ""100%"", ""cloud_ceiling"": ""500m"", ""precip_probability"": ""52%"", ""acculumen_brightness"": ""1 (어둡게)""}"
13459,2026-07-15T09:03:05.154102+09:00,2026-07-15T10:00:00+09:00,1784077200,2026-07-15T01:00:00+00:00,26,31,29,서남서 13km/h,보통,N/A,47%,"{""비"": ""0.1mm"", ""max_uv"": ""1.5 (낮음)"", ""humidity"": ""92%"", ""dew_point"": ""24° C"", ""real_feel"": 31, ""visibility"": ""10km"", ""wind_gusts"": ""32km/h"", ""cloud_cover"": ""100%"", ""cloud_ceiling"": ""500m"", ""precip_probability"": ""47%"", ""acculumen_brightness"": ""1 (어둡게)""}"
13460,2026-07-15T09:03:05.154102+09:00,2026-07-15T11:00:00+09:00,1784080800,2026-07-15T02:00:00+00:00,26,33,30,서남서 13km/h,보통,N/A,43%,"{""max_uv"": ""2.6 (보통)"", ""humidity"": ""88%"", ""dew_point"": ""24° C"", ""real_feel"": 33, ""visibility"": ""11km"", ""wind_gusts"": ""33km/h"", ""cloud_cover"": ""94%"", ""cloud_ceiling"": ""500m"", ""precip_probability"": ""43%"", ""acculumen_brightness"": ""2 (어둡게)""}"
13461,2026-07-15T09:03:05.154102+09:00,2026-07-15T12:00:00+09:00,1784084400,2026-07-15T03:00:00+00:00,27,33,31,서남서 13km/h,보통,N/A,26%,"{""max_uv"": ""3.2 (보통)"", ""humidity"": ""84%"", ""dew_point"": ""24° C"", ""real_feel"": 33, ""visibility"": ""16km"", ""wind_gusts"": ""35km/h"", ""cloud_cover"": ""91%"", ""cloud_ceiling"": ""500m"", ""precip_probability"": ""26%"", ""acculumen_brightness"": ""2 (어둡게)""}"
13462,2026-07-15T09:03:05.154102+09:00,2026-07-15T13:00:00+09:00,1784088000,2026-07-15T04:00:00+00:00,28,34,31,서남서 13km/h,보통,N/A,0%,"{""max_uv"": ""3.1 (보통)"", ""humidity"": ""80%"", ""dew_point"": ""24° C"", ""real_feel"": 34, ""visibility"": ""16km"", ""wind_gusts"": ""35km/h"", ""cloud_cover"": ""87%"", ""cloud_ceiling"": ""500m"", ""precip_probability"": ""0%"", ""acculumen_brightness"": ""3 (칙칙함)""}"
13463,2026-07-15T09:03:05.154102+09:00,2026-07-15T14:00:00+09:00,1784091600,2026-07-15T05:00:00+00:00,28,35,32,서남서 13km/h,나쁨,N/A,0%,"{""max_uv"": ""5.2 (보통)"", ""humidity"": ""77%"", ""dew_point"": ""24° C"", ""real_feel"": 35, ""visibility"": ""16km"", ""wind_gusts"": ""35km/h"", ""cloud_cover"": ""82%"", ""cloud_ceiling"": ""9100m"", ""precip_probability"": ""0%"", ""acculumen_brightness"": ""4 (칙칙함)""}"
13464,2026-07-15T09:03:05.154102+09:00,2026-07-15T15:00:00+09:00,1784095200,2026-07-15T06:00:00+00:00,29,35,32,서남서 13km/h,나쁨,N/A,0%,"{""max_uv"": ""3.7 (보통)"", ""humidity"": ""75%"", ""dew_point"": ""24° C"", ""real_feel"": 35, ""visibility"": ""16km"", ""wind_gusts"": ""33km/h"", ""cloud_cover"": ""77%"", ""cloud_ceiling"": ""9100m"", ""precip_probability"": ""0%"", ""acculumen_brightness"": ""5 (중간)""}"
13465,2026-07-15T09:03:05.154102+09:00,2026-07-15T16:00:00+09:00,1784098800,2026-07-15T07:00:00+00:00,29,35,33,서남서 13km/h,나쁨,N/A,0%,"{""max_uv"": ""2.2 (낮음)"", ""humidity"": ""72%"", ""dew_point"": ""24° C"", ""real_feel"": 35, ""visibility"": ""16km"", ""wind_gusts"": ""32km/h"", ""cloud_cover"": ""84%"", ""cloud_ceiling"": ""9100m"", ""precip_probability"": ""0%"", ""acculumen_brightness"": ""4 (칙칙함)""}"
13466,2026-07-15T09:03:05.154102+09:00,2026-07-15T17:00:00+09:00,1784102400,2026-07-15T08:00:00+00:00,29,33,32,서 11km/h,나쁨,N/A,0%,"{""max_uv"": ""1.2 (낮음)"", ""humidity"": ""75%"", ""dew_point"": ""24° C"", ""real_feel"": 33, ""visibility"": ""16km"", ""wind_gusts"": ""30km/h"", ""cloud_cover"": ""92%"", ""cloud_ceiling"": ""9100m"", ""precip_probability"": ""0%"", ""acculumen_brightness"": ""2 (어둡게)""}"
13467,2026-07-15T09:03:05.154102+09:00,2026-07-15T18:00:00+09:00,1784106000,2026-07-15T09:00:00+00:00,28,33,33,서 11km/h,나쁨,N/A,0%,"{""max_uv"": ""0.5 (낮음)"", ""humidity"": ""76%"", ""dew_point"": ""24° C"", ""real_feel"": 33, ""visibility"": ""16km"", ""wind_gusts"": ""28km/h"", ""cloud_cover"": ""100%"", ""cloud_ceiling"": ""9100m"", ""precip_probability"": ""0%"", ""acculumen_brightness"": ""1 (어둡게)""}"
13468,2026-07-15T09:03:05.154102+09:00,2026-07-15T19:00:00+09:00,1784109600,2026-07-15T10:00:00+00:00,27,31,31,서 11km/h,나쁨,N/A,0%,"{""max_uv"": ""0.1 (낮음)"", ""humidity"": ""79%"", ""dew_point"": ""23° C"", ""real_feel"": 31, ""visibility"": ""16km"", ""wind_gusts"": ""26km/h"", ""cloud_cover"": ""94%"", ""cloud_ceiling"": ""9100m"", ""precip_probability"": ""0%"", ""acculumen_brightness"": ""0 (어둡게)""}"
13469,2026-07-15T09:03:05.154102+09:00,2026-07-15T20:00:00+09:00,1784113200,2026-07-15T11:00:00+00:00,27,30,,서남서 9km/h,나쁨,N/A,0%,"{""humidity"": ""82%"", ""dew_point"": ""23° C"", ""real_feel"": 30, ""visibility"": ""16km"", ""cloud_cover"": ""88%"", ""cloud_ceiling"": ""9100m"", ""precip_probability"": ""0%"", ""acculumen_brightness"": ""0 (어둡게)""}"
13470,2026-07-15T09:03:05.154102+09:00,2026-07-15T21:00:00+09:00,1784116800,2026-07-15T12:00:00+00:00,25,29,,남서 9km/h,나쁨,N/A,0%,"{""dew_point"": ""23° C"", ""real_feel"": 29, ""visibility"": ""16km"", ""cloud_cover"": ""82%"", ""cloud_ceiling"": ""9100m"", ""precip_probability"": ""0%"", ""acculumen_brightness"": ""0 (어둡게)""}"
13471,2026-07-15T09:03:05.154102+09:00,2026-07-15T22:00:00+09:00,1784120400,2026-07-15T13:00:00+00:00,25,28,,남서 9km/h,나쁨,N/A,0%,"{""dew_point"": ""23° C"", ""real_feel"": 28, ""visibility"": ""16km"", ""cloud_cover"": ""55%"", ""cloud_ceiling"": ""9100m"", ""precip_probability"": ""0%"", ""acculumen_brightness"": ""0 (어둡게)""}"
13472,2026-07-15T09:03:05.154102+09:00,2026-07-15T23:00:00+09:00,1784124000,2026-07-15T14:00:00+00:00,24,27,,남서 7km/h,나쁨,N/A,0%,"{""dew_point"": ""22° C"", ""real_feel"": 27, ""visibility"": ""16km"", ""cloud_cover"": ""28%"", ""cloud_ceiling"": ""9100m"", ""precip_probability"": ""0%"", ""acculumen_brightness"": ""0 (어둡게)""}"
13473,2026-07-15T09:03:20.133594+09:00,2026-07-16T00:00:00+09:00,1784127600,2026-07-15T15:00:00+00:00,24,27,,남남서 6km/h,나쁨,N/A,0%,"{""dew_point"": ""22° C"", ""real_feel"": 27, ""visibility"": ""16km"", ""cloud_cover"": ""0%"", ""cloud_ceiling"": ""9100m"", ""precip_probability"": ""0%"", ""acculumen_brightness"": ""0 (어둡게)""}"
13474,2026-07-15T09:03:20.133594+09:00,2026-07-16T01:00:00+09:00,1784131200,2026-07-15T16:00:00+00:00,24,27,,남 6km/h,나쁨,N/A,0%,"{""dew_point"": ""22° C"", ""real_feel"": 27, ""visibility"": ""16km"", ""cloud_cover"": ""1%"", ""cloud_ceiling"": ""9100m"", ""precip_probability"": ""0%"", ""acculumen_brightness"": ""0 (어둡게)""}"
13475,2026-07-15T09:03:20.133594+09:00,2026-07-16T02:00:00+09:00,1784134800,2026-07-15T17:00:00+00:00,24,26,,남 6km/h,나쁨,N/A,0%,"{""dew_point"": ""22° C"", ""real_feel"": 26, ""visibility"": ""16km"", ""cloud_cover"": ""2%"", ""cloud_ceiling"": ""9100m"", ""precip_probability"": ""0%"", ""acculumen_brightness"": ""0 (어둡게)""}"
13476,2026-07-15T09:03:20.133594+09:00,2026-07-16T03:00:00+09:00,1784138400,2026-07-15T18:00:00+00:00,23,26,,남 6km/h,나쁨,N/A,0%,"{""dew_point"": ""22° C"", ""real_feel"": 26, ""visibility"": ""16km"", ""cloud_cover"": ""2%"", ""cloud_ceiling"": ""9100m"", ""precip_probability"": ""0%"", ""acculumen_brightness"": ""0 (어둡게)""}"
13477,2026-07-15T09:03:20.133594+09:00,2026-07-16T04:00:00+09:00,1784142000,2026-07-15T19:00:00+00:00,23,26,,남 7km/h,나쁨,N/A,0%,"{""dew_point"": ""22° C"", ""real_feel"": 26, ""visibility"": ""16km"", ""cloud_cover"": ""15%"", ""cloud_ceiling"": ""9100m"", ""precip_probability"": ""0%"", ""acculumen_brightness"": ""0 (어둡게)""}"
13478,2026-07-15T09:03:20.133594+09:00,2026-07-16T05:00:00+09:00,1784145600,2026-07-15T20:00:00+00:00,22,25,,남 7km/h,나쁨,N/A,0%,"{""dew_point"": ""22° C"", ""real_feel"": 25, ""visibility"": ""11km"", ""cloud_cover"": ""28%"", ""cloud_ceiling"": ""9100m"", ""precip_probability"": ""0%"", ""acculumen_brightness"": ""1 (어둡게)""}"
13479,2026-07-15T09:03:20.133594+09:00,2026-07-16T06:00:00+09:00,1784149200,2026-07-15T21:00:00+00:00,23,27,26,남남서 7km/h,나쁨,1,0%,"{""humidity"": ""94%"", ""dew_point"": ""22° C"", ""real_feel"": 27, ""visibility"": ""11km"", ""wind_gusts"": ""13km/h"", ""cloud_cover"": ""41%"", ""cloud_ceiling"": ""9100m"", ""precip_probability"": ""0%"", ""acculumen_brightness"": ""6 (중간)""}"
13480,2026-07-15T09:03:20.133594+09:00,2026-07-16T07:00:00+09:00,1784152800,2026-07-15T22:00:00+00:00,24,29,27,남남서 7km/h,나쁨,2,0%,"{""humidity"": ""90%"", ""dew_point"": ""22° C"", ""real_feel"": 29, ""visibility"": ""11km"", ""wind_gusts"": ""13km/h"", ""cloud_cover"": ""35%"", ""cloud_ceiling"": ""9100m"", ""precip_probability"": ""0%"", ""acculumen_brightness"": ""9 (매우 밝음)""}"
13481,2026-07-15T09:03:20.133594+09:00,2026-07-16T08:00:00+09:00,1784156400,2026-07-15T23:00:00+00:00,25,32,29,남서 7km/h,나쁨,3,0%,"{""humidity"": ""85%"", ""dew_point"": ""23° C"", ""real_feel"": 32, ""visibility"": ""16km"", ""wind_gusts"": ""13km/h"", ""cloud_cover"": ""28%"", ""cloud_ceiling"": ""9100m"", ""precip_probability"": ""0%"", ""acculumen_brightness"": ""9 (매우 밝음)""}"
13482,2026-07-15T09:03:20.133594+09:00,2026-07-16T09:00:00+09:00,1784160000,2026-07-16T00:00:00+00:00,27,34,30,서남서 7km/h,나쁨,N/A,0%,"{""max_uv"": ""4.8 (보통)"", ""humidity"": ""80%"", ""dew_point"": ""23° C"", ""real_feel"": 34, ""visibility"": ""16km"", ""wind_gusts"": ""15km/h"", ""cloud_cover"": ""22%"", ""cloud_ceiling"": ""9100m"", ""precip_probability"": ""0%"", ""acculumen_brightness"": ""9 (매우 밝음)""}"
13483,2026-07-15T09:03:20.133594+09:00,2026-07-16T10:00:00+09:00,1784163600,2026-07-16T01:00:00+00:00,28,37,32,서남서 9km/h,N/A,7,0%,"{""humidity"": ""76%"", ""dew_point"": ""24° C"", ""real_feel"": 37, ""visibility"": ""16km"", ""wind_gusts"": ""17km/h"", ""cloud_cover"": ""37%"", ""cloud_ceiling"": ""9100m"", ""precip_probability"": ""0%"", ""acculumen_brightness"": ""9 (매우 밝음)""}"
13484,2026-07-15T09:03:20.133594+09:00,2026-07-16T11:00:00+09:00,1784167200,2026-07-16T02:00:00+00:00,29,38,33,서 11km/h,N/A,9,0%,"{""humidity"": ""72%"", ""dew_point"": ""24° C"", ""real_feel"": 38, ""visibility"": ""16km"", ""wind_gusts"": ""19km/h"", ""cloud_cover"": ""53%"", ""cloud_ceiling"": ""9100m"", ""precip_probability"": ""0%"", ""acculumen_brightness"": ""7 (밝음)""}"
13485,2026-07-15T09:03:20.133594+09:00,2026-07-16T12:00:00+09:00,1784170800,2026-07-16T03:00:00+00:00,30,39,34,서 11km/h,N/A,9,0%,"{""humidity"": ""69%"", ""dew_point"": ""24° C"", ""real_feel"": 39, ""visibility"": ""16km"", ""wind_gusts"": ""20km/h"", ""cloud_cover"": ""68%"", ""cloud_ceiling"": ""9100m"", ""precip_probability"": ""0%"", ""acculumen_brightness"": ""6 (중간)""}"
13486,2026-07-15T09:03:20.133594+09:00,2026-07-16T13:00:00+09:00,1784174400,2026-07-16T04:00:00+00:00,30,39,34,서 13km/h,N/A,9,0%,"{""humidity"": ""68%"", ""dew_point"": ""24° C"", ""real_feel"": 39, ""visibility"": ""16km"", ""wind_gusts"": ""24km/h"", ""cloud_cover"": ""51%"", ""cloud_ceiling"": ""9100m"", ""precip_probability"": ""0%"", ""acculumen_brightness"": ""8 (밝음)""}"
13487,2026-07-15T09:03:20.133594+09:00,2026-07-16T14:00:00+09:00,1784178000,2026-07-16T05:00:00+00:00,30,38,33,서남서 13km/h,N/A,7,0%,"{""humidity"": ""69%"", ""dew_point"": ""24° C"", ""real_feel"": 38, ""visibility"": ""16km"", ""wind_gusts"": ""26km/h"", ""cloud_cover"": ""34%"", ""cloud_ceiling"": ""9100m"", ""precip_probability"": ""0%"", ""acculumen_brightness"": ""9 (매우 밝음)""}"
13488,2026-07-15T09:03:20.133594+09:00,2026-07-16T15:00:00+09:00,1784181600,2026-07-16T06:00:00+00:00,30,36,33,서남서 13km/h,N/A,4,0%,"{""humidity"": ""69%"", ""dew_point"": ""23° C"", ""real_feel"": 36, ""visibility"": ""16km"", ""wind_gusts"": ""28km/h"", ""cloud_cover"": ""18%"", ""cloud_ceiling"": ""9100m"", ""precip_probability"": ""0%"", ""acculumen_brightness"": ""9 (매우 밝음)""}"
13489,2026-07-15T09:03:20.133594+09:00,2026-07-16T16:00:00+09:00,1784185200,2026-07-16T07:00:00+00:00,29,35,32,서남서 13km/h,N/A,3,0%,"{""humidity"": ""69%"", ""dew_point"": ""23° C"", ""real_feel"": 35, ""visibility"": ""16km"", ""wind_gusts"": ""30km/h"", ""cloud_cover"": ""36%"", ""cloud_ceiling"": ""9100m"", ""precip_probability"": ""0%"", ""acculumen_brightness"": ""9 (매우 밝음)""}"
13490,2026-07-15T09:03:20.133594+09:00,2026-07-16T17:00:00+09:00,1784188800,2026-07-16T08:00:00+00:00,29,33,31,서남서 13km/h,N/A,2,0%,"{""humidity"": ""72%"", ""dew_point"": ""23° C"", ""real_feel"": 33, ""visibility"": ""16km"", ""wind_gusts"": ""26km/h"", ""cloud_cover"": ""55%"", ""cloud_ceiling"": ""9100m"", ""precip_probability"": ""0%"", ""acculumen_brightness"": ""7 (밝음)""}"
13491,2026-07-15T09:03:20.133594+09:00,2026-07-16T18:00:00+09:00,1784192400,2026-07-16T09:00:00+00:00,27,31,31,서남서 13km/h,N/A,0,0%,"{""humidity"": ""76%"", ""dew_point"": ""23° C"", ""real_feel"": 31, ""visibility"": ""16km"", ""wind_gusts"": ""24km/h"", ""cloud_cover"": ""73%"", ""cloud_ceiling"": ""9100m"", ""precip_probability"": ""0%"", ""acculumen_brightness"": ""4 (칙칙함)""}"
13492,2026-07-15T09:03:20.133594+09:00,2026-07-16T19:00:00+09:00,1784196000,2026-07-16T10:00:00+00:00,27,30,30,서남서 11km/h,N/A,0,0%,"{""humidity"": ""76%"", ""dew_point"": ""23° C"", ""real_feel"": 30, ""visibility"": ""16km"", ""wind_gusts"": ""20km/h"", ""cloud_cover"": ""55%"", ""cloud_ceiling"": ""9100m"", ""precip_probability"": ""0%"", ""acculumen_brightness"": ""0 (어둡게)""}"
13493,2026-07-15T09:03:20.133594+09:00,2026-07-16T20:00:00+09:00,1784199600,2026-07-16T11:00:00+00:00,26,29,,서남서 9km/h,N/A,N/A,0%,"{""real_feel"": 29, ""visibility"": ""16km"", ""cloud_cover"": ""37%"", ""cloud_ceiling"": ""9100m"", ""precip_probability"": ""0%"", ""acculumen_brightness"": ""0 (어둡게)""}"
13494,2026-07-15T09:03:20.133594+09:00,2026-07-16T21:00:00+09:00,1784203200,2026-07-16T12:00:00+00:00,25,28,,서남서 9km/h,N/A,N/A,0%,"{""real_feel"": 28, ""visibility"": ""16km"", ""cloud_cover"": ""19%"", ""cloud_ceiling"": ""9100m"", ""precip_probability"": ""0%"", ""acculumen_brightness"": ""0 (어둡게)""}"
13495,2026-07-15T09:03:20.133594+09:00,2026-07-16T22:00:00+09:00,1784206800,2026-07-16T13:00:00+00:00,24,28,,서남서 7km/h,N/A,N/A,0%,"{""real_feel"": 28, ""visibility"": ""16km"", ""cloud_cover"": ""45%"", ""cloud_ceiling"": ""9100m"", ""precip_probability"": ""0%"", ""acculumen_brightness"": ""0 (어둡게)""}"
13496,2026-07-15T09:03:20.133594+09:00,2026-07-16T23:00:00+09:00,1784210400,2026-07-16T14:00:00+00:00,24,28,,서남서 7km/h,N/A,N/A,0%,"{""real_feel"": 28, ""visibility"": ""11km"", ""cloud_cover"": ""72%"", ""cloud_ceiling"": ""7600m"", ""precip_probability"": ""0%"", ""acculumen_brightness"": ""0 (어둡게)""}"
13497,2026-07-15T09:03:33.433706+09:00,2026-07-17T00:00:00+09:00,1784214000,2026-07-16T15:00:00+00:00,24,28,,서남서 7km/h,N/A,N/A,0%,"{""real_feel"": 28, ""visibility"": ""11km"", ""cloud_cover"": ""98%"", ""cloud_ceiling"": ""7600m"", ""precip_probability"": ""0%"", ""acculumen_brightness"": ""0 (어둡게)""}"
13498,2026-07-15T09:03:33.433706+09:00,2026-07-17T01:00:00+09:00,1784217600,2026-07-16T16:00:00+00:00,25,29,,서남서 6km/h,N/A,N/A,0%,"{""real_feel"": 29, ""visibility"": ""11km"", ""cloud_cover"": ""98%"", ""cloud_ceiling"": ""7600m"", ""precip_probability"": ""0%"", ""acculumen_brightness"": ""0 (어둡게)""}"
13499,2026-07-15T09:03:33.433706+09:00,2026-07-17T02:00:00+09:00,1784221200,2026-07-16T17:00:00+00:00,25,29,,서남서 6km/h,N/A,N/A,0%,"{""real_feel"": 29, ""visibility"": ""11km"", ""cloud_cover"": ""97%"", ""cloud_ceiling"": ""7600m"", ""precip_probability"": ""0%"", ""acculumen_brightness"": ""0 (어둡게)""}"
13500,2026-07-15T09:03:33.433706+09:00,2026-07-17T03:00:00+09:00,1784224800,2026-07-16T18:00:00+00:00,25,29,,서남서 6km/h,N/A,N/A,0%,"{""real_feel"": 29, ""visibility"": ""11km"", ""cloud_cover"": ""96%"", ""cloud_ceiling"": ""7600m"", ""precip_probability"": ""0%"", ""acculumen_brightness"": ""0 (어둡게)""}"
13501,2026-07-15T09:03:33.433706+09:00,2026-07-17T04:00:00+09:00,1784228400,2026-07-16T19:00:00+00:00,24,28,,서남서 6km/h,N/A,N/A,0%,"{""real_feel"": 28, ""visibility"": ""11km"", ""cloud_cover"": ""97%"", ""cloud_ceiling"": ""7500m"", ""precip_probability"": ""0%"", ""acculumen_brightness"": ""0 (어둡게)""}"
13502,2026-07-15T09:03:33.433706+09:00,2026-07-17T05:00:00+09:00,1784232000,2026-07-16T20:00:00+00:00,23,28,,서남서 4km/h,N/A,N/A,0%,"{""real_feel"": 28, ""visibility"": ""11km"", ""cloud_cover"": ""99%"", ""cloud_ceiling"": ""7500m"", ""precip_probability"": ""0%"", ""acculumen_brightness"": ""0 (어둡게)""}"
13503,2026-07-15T09:03:33.433706+09:00,2026-07-17T06:00:00+09:00,1784235600,2026-07-16T21:00:00+00:00,24,29,29,북동 2km/h,N/A,0,0%,"{""humidity"": ""93%"", ""dew_point"": ""23° C"", ""real_feel"": 29, ""visibility"": ""11km"", ""cloud_cover"": ""100%"", ""cloud_ceiling"": ""7500m"", ""precip_probability"": ""0%"", ""acculumen_brightness"": ""1 (어둡게)""}"
13504,2026-07-15T09:03:33.433706+09:00,2026-07-17T07:00:00+09:00,1784239200,2026-07-16T22:00:00+00:00,25,31,31,동 4km/h,N/A,1,0%,"{""humidity"": ""87%"", ""dew_point"": ""23° C"", ""real_feel"": 31, ""visibility"": ""11km"", ""cloud_cover"": ""94%"", ""cloud_ceiling"": ""7500m"", ""precip_probability"": ""0%"", ""acculumen_brightness"": ""2 (어둡게)""}"
13505,2026-07-15T09:03:33.433706+09:00,2026-07-17T08:00:00+09:00,1784242800,2026-07-16T23:00:00+00:00,27,32,30,동남동 7km/h,N/A,1,0%,"{""humidity"": ""82%"", ""dew_point"": ""23° C"", ""real_feel"": 32, ""visibility"": ""16km"", ""wind_gusts"": ""13km/h"", ""cloud_cover"": ""87%"", ""cloud_ceiling"": ""7500m"", ""precip_probability"": ""0%"", ""acculumen_brightness"": ""3 (칙칙함)""}"
13506,2026-07-15T09:03:33.433706+09:00,2026-07-17T09:00:00+09:00,1784246400,2026-07-17T00:00:00+00:00,28,34,31,남동 7km/h,N/A,3,0%,"{""humidity"": ""77%"", ""dew_point"": ""23° C"", ""real_feel"": 34, ""visibility"": ""16km"", ""wind_gusts"": ""15km/h"", ""cloud_cover"": ""81%"", ""cloud_ceiling"": ""9100m"", ""precip_probability"": ""0%"", ""acculumen_brightness"": ""4 (칙칙함)""}"
13507,2026-07-15T09:03:33.433706+09:00,2026-07-17T10:00:00+09:00,1784250000,2026-07-17T01:00:00+00:00,29,37,32,남동 7km/h,N/A,4,0%,"{""humidity"": ""74%"", ""dew_point"": ""23° C"", ""real_feel"": 37, ""visibility"": ""16km"", ""wind_gusts"": ""15km/h"", ""cloud_cover"": ""86%"", ""cloud_ceiling"": ""9100m"", ""precip_probability"": ""0%"", ""acculumen_brightness"": ""3 (칙칙함)""}"
13508,2026-07-15T09:03:33.433706+09:00,2026-07-17T11:00:00+09:00,1784253600,2026-07-17T02:00:00+00:00,29,38,33,남동 6km/h,N/A,5,0%,"{""humidity"": ""71%"", ""dew_point"": ""24° C"", ""real_feel"": 38, ""visibility"": ""16km"", ""wind_gusts"": ""11km/h"", ""cloud_cover"": ""92%"", ""cloud_ceiling"": ""9100m"", ""precip_probability"": ""0%"", ""acculumen_brightness"": ""2 (어둡게)""}"
13509,2026-07-15T09:03:33.433706+09:00,2026-07-17T12:00:00+09:00,1784257200,2026-07-17T03:00:00+00:00,30,39,34,남서 4km/h,N/A,5,0%,"{""humidity"": ""68%"", ""dew_point"": ""24° C"", ""real_feel"": 39, ""visibility"": ""16km"", ""wind_gusts"": ""7km/h"", ""cloud_cover"": ""98%"", ""cloud_ceiling"": ""9100m"", ""precip_probability"": ""0%"", ""acculumen_brightness"": ""1 (어둡게)""}"
13510,2026-07-15T09:03:33.433706+09:00,2026-07-17T13:00:00+09:00,1784260800,2026-07-17T04:00:00+00:00,31,39,35,남남서 7km/h,N/A,5,0%,"{""humidity"": ""66%"", ""dew_point"": ""24° C"", ""real_feel"": 39, ""visibility"": ""16km"", ""wind_gusts"": ""15km/h"", ""cloud_cover"": ""93%"", ""cloud_ceiling"": ""9100m"", ""precip_probability"": ""0%"", ""acculumen_brightness"": ""2 (어둡게)""}"
13511,2026-07-15T09:03:33.433706+09:00,2026-07-17T14:00:00+09:00,1784264400,2026-07-17T05:00:00+00:00,30,38,34,남남서 9km/h,N/A,4,0%,"{""humidity"": ""68%"", ""dew_point"": ""24° C"", ""real_feel"": 38, ""visibility"": ""16km"", ""wind_gusts"": ""17km/h"", ""cloud_cover"": ""88%"", ""cloud_ceiling"": ""9100m"", ""precip_probability"": ""0%"", ""acculumen_brightness"": ""3 (칙칙함)""}"
13512,2026-07-15T09:03:33.433706+09:00,2026-07-17T15:00:00+09:00,1784268000,2026-07-17T06:00:00+00:00,30,36,33,남남서 9km/h,N/A,2,0%,"{""humidity"": ""69%"", ""dew_point"": ""24° C"", ""real_feel"": 36, ""visibility"": ""16km"", ""wind_gusts"": ""19km/h"", ""cloud_cover"": ""83%"", ""cloud_ceiling"": ""5800m"", ""precip_probability"": ""0%"", ""acculumen_brightness"": ""4 (칙칙함)""}"
13513,2026-07-15T09:03:33.433706+09:00,2026-07-17T16:00:00+09:00,1784271600,2026-07-17T07:00:00+00:00,30,35,34,남남서 9km/h,N/A,1,1%,"{""humidity"": ""69%"", ""dew_point"": ""24° C"", ""real_feel"": 35, ""visibility"": ""16km"", ""wind_gusts"": ""19km/h"", ""cloud_cover"": ""88%"", ""cloud_ceiling"": ""5800m"", ""precip_probability"": ""1%"", ""acculumen_brightness"": ""3 (칙칙함)""}"
13514,2026-07-15T09:03:33.433706+09:00,2026-07-17T17:00:00+09:00,1784275200,2026-07-17T08:00:00+00:00,30,34,34,남서 9km/h,N/A,0,1%,"{""humidity"": ""68%"", ""dew_point"": ""23° C"", ""real_feel"": 34, ""visibility"": ""16km"", ""wind_gusts"": ""17km/h"", ""cloud_cover"": ""94%"", ""cloud_ceiling"": ""5800m"", ""precip_probability"": ""1%"", ""acculumen_brightness"": ""2 (어둡게)""}"
13515,2026-07-15T09:03:33.433706+09:00,2026-07-17T18:00:00+09:00,1784278800,2026-07-17T09:00:00+00:00,29,33,33,남서 9km/h,N/A,0,4%,"{""humidity"": ""69%"", ""dew_point"": ""23° C"", ""real_feel"": 33, ""visibility"": ""11km"", ""wind_gusts"": ""17km/h"", ""cloud_cover"": ""100%"", ""cloud_ceiling"": ""5800m"", ""precip_probability"": ""4%"", ""acculumen_brightness"": ""1 (어둡게)""}"
13516,2026-07-15T09:03:33.433706+09:00,2026-07-17T19:00:00+09:00,1784282400,2026-07-17T10:00:00+00:00,29,33,33,남서 7km/h,N/A,0,33%,"{""humidity"": ""71%"", ""dew_point"": ""23° C"", ""real_feel"": 33, ""visibility"": ""10km"", ""wind_gusts"": ""17km/h"", ""cloud_cover"": ""100%"", ""cloud_ceiling"": ""5800m"", ""precip_probability"": ""33%"", ""acculumen_brightness"": ""0 (어둡게)""}"
13517,2026-07-15T09:03:33.433706+09:00,2026-07-17T20:00:00+09:00,1784286000,2026-07-17T11:00:00+00:00,28,32,,남 7km/h,N/A,N/A,33%,"{""dew_point"": ""23° C"", ""real_feel"": 32, ""visibility"": ""8km"", ""cloud_cover"": ""100%"", ""cloud_ceiling"": ""5800m"", ""precip_probability"": ""33%"", ""acculumen_brightness"": ""0 (어둡게)""}"
13518,2026-07-15T09:03:33.433706+09:00,2026-07-17T21:00:00+09:00,1784289600,2026-07-17T12:00:00+00:00,26,31,,동남동 7km/h,N/A,N/A,39%,"{""dew_point"": ""23° C"", ""real_feel"": 31, ""visibility"": ""8km"", ""cloud_cover"": ""100%"", ""cloud_ceiling"": ""5800m"", ""precip_probability"": ""39%"", ""acculumen_brightness"": ""0 (어둡게)""}"
13519,2026-07-15T09:03:33.433706+09:00,2026-07-17T22:00:00+09:00,1784293200,2026-07-17T13:00:00+00:00,25,27,,동 7km/h,N/A,N/A,57%,"{""비"": ""5.0mm"", ""real_feel"": 27, ""visibility"": ""6km"", ""cloud_cover"": ""100%"", ""cloud_ceiling"": ""600m"", ""precip_probability"": ""57%"", ""acculumen_brightness"": ""0 (어둡게)""}"
13520,2026-07-15T09:03:33.433706+09:00,2026-07-17T23:00:00+09:00,1784296800,2026-07-17T14:00:00+00:00,26,26,,동북동 9km/h,N/A,N/A,61%,"{""비"": ""10.8mm"", ""real_feel"": 26, ""visibility"": ""3km"", ""cloud_cover"": ""100%"", ""cloud_ceiling"": ""600m"", ""precip_probability"": ""61%"", ""acculumen_brightness"": ""0 (어둡게)""}"
13521,2026-07-15T09:03:47.909142+09:00,2026-07-18T00:00:00+09:00,1784300400,2026-07-17T15:00:00+00:00,26,28,,북동 9km/h,N/A,N/A,49%,"{""real_feel"": 28, ""visibility"": ""8km"", ""cloud_cover"": ""100%"", ""cloud_ceiling"": ""600m"", ""precip_probability"": ""49%"", ""acculumen_brightness"": ""0 (어둡게)""}"
13522,2026-07-15T09:03:47.909142+09:00,2026-07-18T01:00:00+09:00,1784304000,2026-07-17T16:00:00+00:00,25,28,,동북동 9km/h,N/A,N/A,49%,"{""real_feel"": 28, ""visibility"": ""8km"", ""cloud_cover"": ""99%"", ""cloud_ceiling"": ""600m"", ""precip_probability"": ""49%"", ""acculumen_brightness"": ""0 (어둡게)""}"
13523,2026-07-15T09:03:47.909142+09:00,2026-07-18T02:00:00+09:00,1784307600,2026-07-17T17:00:00+00:00,25,25,,동 11km/h,N/A,N/A,70%,"{""비"": ""5.8mm"", ""real_feel"": 25, ""visibility"": ""5km"", ""cloud_cover"": ""99%"", ""cloud_ceiling"": ""600m"", ""precip_probability"": ""70%"", ""acculumen_brightness"": ""0 (어둡게)""}"
13524,2026-07-15T09:03:47.909142+09:00,2026-07-18T03:00:00+09:00,1784311200,2026-07-17T18:00:00+00:00,25,25,,동 11km/h,N/A,N/A,74%,"{""비"": ""8.7mm"", ""real_feel"": 25, ""visibility"": ""3km"", ""cloud_cover"": ""98%"", ""cloud_ceiling"": ""600m"", ""precip_probability"": ""74%"", ""acculumen_brightness"": ""0 (어둡게)""}"
13525,2026-07-15T09:03:47.909142+09:00,2026-07-18T04:00:00+09:00,1784314800,2026-07-17T19:00:00+00:00,24,27,,동남동 11km/h,N/A,N/A,40%,"{""real_feel"": 27, ""visibility"": ""8km"", ""cloud_cover"": ""92%"", ""cloud_ceiling"": ""1900m"", ""precip_probability"": ""40%"", ""acculumen_brightness"": ""0 (어둡게)""}"
13526,2026-07-15T09:03:47.909142+09:00,2026-07-18T05:00:00+09:00,1784318400,2026-07-17T20:00:00+00:00,24,27,,동남동 11km/h,N/A,N/A,34%,"{""real_feel"": 27, ""visibility"": ""8km"", ""cloud_cover"": ""86%"", ""cloud_ceiling"": ""1900m"", ""precip_probability"": ""34%"", ""acculumen_brightness"": ""0 (어둡게)""}"
13527,2026-07-15T09:03:47.909142+09:00,2026-07-18T06:00:00+09:00,1784322000,2026-07-17T21:00:00+00:00,24,28,28,남동 9km/h,N/A,0,29%,"{""humidity"": ""89%"", ""dew_point"": ""22° C"", ""real_feel"": 28, ""visibility"": ""8km"", ""cloud_cover"": ""79%"", ""cloud_ceiling"": ""1900m"", ""precip_probability"": ""29%"", ""acculumen_brightness"": ""3 (칙칙함)""}"
13528,2026-07-15T09:03:47.909142+09:00,2026-07-18T07:00:00+09:00,1784325600,2026-07-17T22:00:00+00:00,25,28,28,남동 9km/h,N/A,0,20%,"{""humidity"": ""88%"", ""dew_point"": ""22° C"", ""real_feel"": 28, ""visibility"": ""8km"", ""cloud_cover"": ""86%"", ""cloud_ceiling"": ""1400m"", ""precip_probability"": ""20%"", ""acculumen_brightness"": ""3 (칙칙함)""}"
13529,2026-07-15T09:03:47.909142+09:00,2026-07-18T08:00:00+09:00,1784329200,2026-07-17T23:00:00+00:00,25,29,29,동남동 9km/h,N/A,1,20%,"{""humidity"": ""87%"", ""dew_point"": ""23° C"", ""real_feel"": 29, ""visibility"": ""8km"", ""cloud_cover"": ""93%"", ""cloud_ceiling"": ""1400m"", ""precip_probability"": ""20%"", ""acculumen_brightness"": ""2 (어둡게)""}"
13530,2026-07-15T09:03:47.909142+09:00,2026-07-18T09:00:00+09:00,1784332800,2026-07-18T00:00:00+00:00,25,29,28,동남동 9km/h,N/A,1,20%,"{""humidity"": ""84%"", ""dew_point"": ""22° C"", ""real_feel"": 29, ""visibility"": ""8km"", ""cloud_cover"": ""100%"", ""cloud_ceiling"": ""1400m"", ""precip_probability"": ""20%"", ""acculumen_brightness"": ""1 (어둡게)""}"
13531,2026-07-15T09:03:47.909142+09:00,2026-07-18T10:00:00+09:00,1784336400,2026-07-18T01:00:00+00:00,26,30,29,동 9km/h,N/A,1,20%,"{""humidity"": ""81%"", ""dew_point"": ""22° C"", ""real_feel"": 30, ""visibility"": ""8km"", ""cloud_cover"": ""100%"", ""cloud_ceiling"": ""1400m"", ""precip_probability"": ""20%"", ""acculumen_brightness"": ""1 (어둡게)""}"
13532,2026-07-15T09:03:47.909142+09:00,2026-07-18T11:00:00+09:00,1784340000,2026-07-18T02:00:00+00:00,26,31,29,동 11km/h,N/A,2,20%,"{""humidity"": ""78%"", ""dew_point"": ""22° C"", ""real_feel"": 31, ""visibility"": ""8km"", ""wind_gusts"": ""26km/h"", ""cloud_cover"": ""100%"", ""cloud_ceiling"": ""1400m"", ""precip_probability"": ""20%"", ""acculumen_brightness"": ""1 (어둡게)""}"
13533,2026-07-15T09:03:47.909142+09:00,2026-07-18T12:00:00+09:00,1784343600,2026-07-18T03:00:00+00:00,27,32,30,동북동 11km/h,N/A,2,19%,"{""humidity"": ""76%"", ""dew_point"": ""22° C"", ""real_feel"": 32, ""visibility"": ""8km"", ""wind_gusts"": ""28km/h"", ""cloud_cover"": ""100%"", ""cloud_ceiling"": ""1400m"", ""precip_probability"": ""19%"", ""acculumen_brightness"": ""1 (어둡게)""}"
13534,2026-07-15T09:03:47.909142+09:00,2026-07-18T13:00:00+09:00,1784347200,2026-07-18T04:00:00+00:00,27,31,29,동북동 11km/h,N/A,2,16%,"{""humidity"": ""75%"", ""dew_point"": ""22° C"", ""real_feel"": 31, ""visibility"": ""8km"", ""wind_gusts"": ""30km/h"", ""cloud_cover"": ""99%"", ""cloud_ceiling"": ""900m"", ""precip_probability"": ""16%"", ""acculumen_brightness"": ""1 (어둡게)""}"
13535,2026-07-15T09:03:47.909142+09:00,2026-07-18T14:00:00+09:00,1784350800,2026-07-18T05:00:00+00:00,27,31,29,동 13km/h,N/A,2,16%,"{""humidity"": ""74%"", ""dew_point"": ""22° C"", ""real_feel"": 31, ""visibility"": ""8km"", ""wind_gusts"": ""32km/h"", ""cloud_cover"": ""99%"", ""cloud_ceiling"": ""1900m"", ""precip_probability"": ""16%"", ""acculumen_brightness"": ""1 (어둡게)""}"
13536,2026-07-15T09:03:47.909142+09:00,2026-07-18T15:00:00+09:00,1784354400,2026-07-18T06:00:00+00:00,27,30,29,동 13km/h,N/A,1,21%,"{""humidity"": ""73%"", ""dew_point"": ""22° C"", ""real_feel"": 30, ""visibility"": ""8km"", ""wind_gusts"": ""32km/h"", ""cloud_cover"": ""99%"", ""cloud_ceiling"": ""1900m"", ""precip_probability"": ""21%"", ""acculumen_brightness"": ""1 (어둡게)""}"
13537,2026-07-15T09:03:47.909142+09:00,2026-07-18T16:00:00+09:00,1784358000,2026-07-18T07:00:00+00:00,28,30,30,동 13km/h,N/A,0,49%,"{""humidity"": ""70%"", ""dew_point"": ""22° C"", ""real_feel"": 30, ""visibility"": ""8km"", ""wind_gusts"": ""32km/h"", ""cloud_cover"": ""99%"", ""cloud_ceiling"": ""1900m"", ""precip_probability"": ""49%"", ""acculumen_brightness"": ""1 (어둡게)""}"
13538,2026-07-15T09:03:47.909142+09:00,2026-07-18T17:00:00+09:00,1784361600,2026-07-18T08:00:00+00:00,27,28,28,동북동 13km/h,N/A,0,56%,"{""비"": ""1.3mm"", ""humidity"": ""73%"", ""dew_point"": ""22° C"", ""real_feel"": 28, ""visibility"": ""6km"", ""wind_gusts"": ""32km/h"", ""cloud_cover"": ""99%"", ""cloud_ceiling"": ""1200m"", ""precip_probability"": ""56%"", ""acculumen_brightness"": ""1 (어둡게)""}"
13539,2026-07-15T09:03:47.909142+09:00,2026-07-18T18:00:00+09:00,1784365200,2026-07-18T09:00:00+00:00,27,27,27,동북동 13km/h,N/A,0,62%,"{""비"": ""5.7mm"", ""humidity"": ""82%"", ""dew_point"": ""23° C"", ""real_feel"": 27, ""visibility"": ""5km"", ""wind_gusts"": ""32km/h"", ""cloud_cover"": ""100%"", ""cloud_ceiling"": ""600m"", ""precip_probability"": ""62%"", ""acculumen_brightness"": ""1 (어둡게)""}"
13540,2026-07-15T09:03:47.909142+09:00,2026-07-18T19:00:00+09:00,1784368800,2026-07-18T10:00:00+00:00,26,28,28,동북동 11km/h,N/A,0,25%,"{""humidity"": ""78%"", ""dew_point"": ""22° C"", ""real_feel"": 28, ""visibility"": ""8km"", ""cloud_cover"": ""80%"", ""cloud_ceiling"": ""1900m"", ""precip_probability"": ""25%"", ""acculumen_brightness"": ""0 (어둡게)""}"
13541,2026-07-15T09:03:47.909142+09:00,2026-07-18T20:00:00+09:00,1784372400,2026-07-18T11:00:00+00:00,26,28,,동북동 11km/h,N/A,N/A,20%,"{""real_feel"": 28, ""visibility"": ""8km"", ""cloud_cover"": ""61%"", ""cloud_ceiling"": ""9100m"", ""precip_probability"": ""20%"", ""acculumen_brightness"": ""0 (어둡게)""}"
13542,2026-07-15T09:03:47.909142+09:00,2026-07-18T21:00:00+09:00,1784376000,2026-07-18T12:00:00+00:00,26,28,,동북동 11km/h,N/A,N/A,20%,"{""real_feel"": 28, ""visibility"": ""8km"", ""cloud_cover"": ""42%"", ""cloud_ceiling"": ""9100m"", ""precip_probability"": ""20%"", ""acculumen_brightness"": ""0 (어둡게)""}"
13543,2026-07-15T09:03:47.909142+09:00,2026-07-18T22:00:00+09:00,1784379600,2026-07-18T13:00:00+00:00,25,27,,동북동 9km/h,N/A,N/A,20%,"{""real_feel"": 27, ""visibility"": ""8km"", ""cloud_cover"": ""50%"", ""cloud_ceiling"": ""9100m"", ""precip_probability"": ""20%"", ""acculumen_brightness"": ""0 (어둡게)""}"
13544,2026-07-15T09:03:47.909142+09:00,2026-07-18T23:00:00+09:00,1784383200,2026-07-18T14:00:00+00:00,25,27,,동북동 9km/h,N/A,N/A,20%,"{""real_feel"": 27, ""visibility"": ""8km"", ""cloud_cover"": ""58%"", ""cloud_ceiling"": ""9100m"", ""precip_probability"": ""20%"", ""acculumen_brightness"": ""0 (어둡게)""}"
